YEAR,ANN,Jilaal,Gu',Hagaa,Deyr,months,precipitation,twn
1981,585.35,94.92,379.68,52.73,58.01,JAN,0,Afgooye
1981,585.35,94.92,379.68,52.73,58.01,FEB,21.09,Afgooye
1981,585.35,94.92,379.68,52.73,58.01,MAR,73.83,Afgooye
1981,585.35,94.92,379.68,52.73,58.01,APR,358.59,Afgooye
1981,585.35,94.92,379.68,52.73,58.01,MAY,21.09,Afgooye
1981,585.35,94.92,379.68,52.73,58.01,JUN,0,Afgooye
1981,585.35,94.92,379.68,52.73,58.01,JUL,0,Afgooye
1981,585.35,94.92,379.68,52.73,58.01,AUG,0,Afgooye
1981,585.35,94.92,379.68,52.73,58.01,SEP,52.73,Afgooye
1981,585.35,94.92,379.68,52.73,58.01,OCT,15.82,Afgooye
1981,585.35,94.92,379.68,52.73,58.01,NOV,31.64,Afgooye
1981,585.35,94.92,379.68,52.73,58.01,DEC,10.55,Afgooye
1982,179.3,63.28,36.91,21.1,58,JAN,58.01,Afgooye
1982,179.3,63.28,36.91,21.1,58,FEB,5.27,Afgooye
1982,179.3,63.28,36.91,21.1,58,MAR,0,Afgooye
1982,179.3,63.28,36.91,21.1,58,APR,21.09,Afgooye
1982,179.3,63.28,36.91,21.1,58,MAY,5.27,Afgooye
1982,179.3,63.28,36.91,21.1,58,JUN,10.55,Afgooye
1982,179.3,63.28,36.91,21.1,58,JUL,10.55,Afgooye
1982,179.3,63.28,36.91,21.1,58,AUG,10.55,Afgooye
1982,179.3,63.28,36.91,21.1,58,SEP,0,Afgooye
1982,179.3,63.28,36.91,21.1,58,OCT,5.27,Afgooye
1982,179.3,63.28,36.91,21.1,58,NOV,52.73,Afgooye
1982,179.3,63.28,36.91,21.1,58,DEC,0,Afgooye
1983,100.2,5.27,94.92,0,0,JAN,5.27,Afgooye
1983,100.2,5.27,94.92,0,0,FEB,0,Afgooye
1983,100.2,5.27,94.92,0,0,MAR,0,Afgooye
1983,100.2,5.27,94.92,0,0,APR,79.1,Afgooye
1983,100.2,5.27,94.92,0,0,MAY,15.82,Afgooye
1983,100.2,5.27,94.92,0,0,JUN,0,Afgooye
1983,100.2,5.27,94.92,0,0,JUL,0,Afgooye
1983,100.2,5.27,94.92,0,0,AUG,0,Afgooye
1983,100.2,5.27,94.92,0,0,SEP,0,Afgooye
1983,100.2,5.27,94.92,0,0,OCT,0,Afgooye
1983,100.2,5.27,94.92,0,0,NOV,0,Afgooye
1983,100.2,5.27,94.92,0,0,DEC,0,Afgooye
1984,137.11,0,47.46,63.28,26.37,JAN,0,Afgooye
1984,137.11,0,47.46,63.28,26.37,FEB,0,Afgooye
1984,137.11,0,47.46,63.28,26.37,MAR,0,Afgooye
1984,137.11,0,47.46,63.28,26.37,APR,36.91,Afgooye
1984,137.11,0,47.46,63.28,26.37,MAY,10.55,Afgooye
1984,137.11,0,47.46,63.28,26.37,JUN,0,Afgooye
1984,137.11,0,47.46,63.28,26.37,JUL,0,Afgooye
1984,137.11,0,47.46,63.28,26.37,AUG,63.28,Afgooye
1984,137.11,0,47.46,63.28,26.37,SEP,0,Afgooye
1984,137.11,0,47.46,63.28,26.37,OCT,15.82,Afgooye
1984,137.11,0,47.46,63.28,26.37,NOV,10.55,Afgooye
1984,137.11,0,47.46,63.28,26.37,DEC,0,Afgooye
1985,42.19,15.82,26.37,0,0,JAN,0,Afgooye
1985,42.19,15.82,26.37,0,0,FEB,0,Afgooye
1985,42.19,15.82,26.37,0,0,MAR,15.82,Afgooye
1985,42.19,15.82,26.37,0,0,APR,10.55,Afgooye
1985,42.19,15.82,26.37,0,0,MAY,10.55,Afgooye
1985,42.19,15.82,26.37,0,0,JUN,5.27,Afgooye
1985,42.19,15.82,26.37,0,0,JUL,0,Afgooye
1985,42.19,15.82,26.37,0,0,AUG,0,Afgooye
1985,42.19,15.82,26.37,0,0,SEP,0,Afgooye
1985,42.19,15.82,26.37,0,0,OCT,0,Afgooye
1985,42.19,15.82,26.37,0,0,NOV,0,Afgooye
1985,42.19,15.82,26.37,0,0,DEC,0,Afgooye
1986,68.55,0,5.27,0,63.27,JAN,0,Afgooye
1986,68.55,0,5.27,0,63.27,FEB,0,Afgooye
1986,68.55,0,5.27,0,63.27,MAR,0,Afgooye
1986,68.55,0,5.27,0,63.27,APR,0,Afgooye
1986,68.55,0,5.27,0,63.27,MAY,5.27,Afgooye
1986,68.55,0,5.27,0,63.27,JUN,0,Afgooye
1986,68.55,0,5.27,0,63.27,JUL,0,Afgooye
1986,68.55,0,5.27,0,63.27,AUG,0,Afgooye
1986,68.55,0,5.27,0,63.27,SEP,0,Afgooye
1986,68.55,0,5.27,0,63.27,OCT,36.91,Afgooye
1986,68.55,0,5.27,0,63.27,NOV,5.27,Afgooye
1986,68.55,0,5.27,0,63.27,DEC,21.09,Afgooye
1987,411.33,10.55,184.57,158.2,58,JAN,0,Afgooye
1987,411.33,10.55,184.57,158.2,58,FEB,0,Afgooye
1987,411.33,10.55,184.57,158.2,58,MAR,10.55,Afgooye
1987,411.33,10.55,184.57,158.2,58,APR,21.09,Afgooye
1987,411.33,10.55,184.57,158.2,58,MAY,163.48,Afgooye
1987,411.33,10.55,184.57,158.2,58,JUN,0,Afgooye
1987,411.33,10.55,184.57,158.2,58,JUL,152.93,Afgooye
1987,411.33,10.55,184.57,158.2,58,AUG,5.27,Afgooye
1987,411.33,10.55,184.57,158.2,58,SEP,0,Afgooye
1987,411.33,10.55,184.57,158.2,58,OCT,21.09,Afgooye
1987,411.33,10.55,184.57,158.2,58,NOV,36.91,Afgooye
1987,411.33,10.55,184.57,158.2,58,DEC,0,Afgooye
1988,94.92,15.82,63.27,0,15.82,JAN,0,Afgooye
1988,94.92,15.82,63.27,0,15.82,FEB,0,Afgooye
1988,94.92,15.82,63.27,0,15.82,MAR,15.82,Afgooye
1988,94.92,15.82,63.27,0,15.82,APR,21.09,Afgooye
1988,94.92,15.82,63.27,0,15.82,MAY,36.91,Afgooye
1988,94.92,15.82,63.27,0,15.82,JUN,5.27,Afgooye
1988,94.92,15.82,63.27,0,15.82,JUL,0,Afgooye
1988,94.92,15.82,63.27,0,15.82,AUG,0,Afgooye
1988,94.92,15.82,63.27,0,15.82,SEP,0,Afgooye
1988,94.92,15.82,63.27,0,15.82,OCT,0,Afgooye
1988,94.92,15.82,63.27,0,15.82,NOV,0,Afgooye
1988,94.92,15.82,63.27,0,15.82,DEC,15.82,Afgooye
1989,184.57,0,158.21,0,26.37,JAN,0,Afgooye
1989,184.57,0,158.21,0,26.37,FEB,0,Afgooye
1989,184.57,0,158.21,0,26.37,MAR,0,Afgooye
1989,184.57,0,158.21,0,26.37,APR,116.02,Afgooye
1989,184.57,0,158.21,0,26.37,MAY,42.19,Afgooye
1989,184.57,0,158.21,0,26.37,JUN,0,Afgooye
1989,184.57,0,158.21,0,26.37,JUL,0,Afgooye
1989,184.57,0,158.21,0,26.37,AUG,0,Afgooye
1989,184.57,0,158.21,0,26.37,SEP,0,Afgooye
1989,184.57,0,158.21,0,26.37,OCT,5.27,Afgooye
1989,184.57,0,158.21,0,26.37,NOV,10.55,Afgooye
1989,184.57,0,158.21,0,26.37,DEC,10.55,Afgooye
1990,527.34,10.55,253.13,0,263.67,JAN,0,Afgooye
1990,527.34,10.55,253.13,0,263.67,FEB,0,Afgooye
1990,527.34,10.55,253.13,0,263.67,MAR,10.55,Afgooye
1990,527.34,10.55,253.13,0,263.67,APR,242.58,Afgooye
1990,527.34,10.55,253.13,0,263.67,MAY,10.55,Afgooye
1990,527.34,10.55,253.13,0,263.67,JUN,0,Afgooye
1990,527.34,10.55,253.13,0,263.67,JUL,0,Afgooye
1990,527.34,10.55,253.13,0,263.67,AUG,0,Afgooye
1990,527.34,10.55,253.13,0,263.67,SEP,0,Afgooye
1990,527.34,10.55,253.13,0,263.67,OCT,89.65,Afgooye
1990,527.34,10.55,253.13,0,263.67,NOV,94.92,Afgooye
1990,527.34,10.55,253.13,0,263.67,DEC,79.1,Afgooye
1991,432.42,42.19,221.48,58.01,110.74,JAN,10.55,Afgooye
1991,432.42,42.19,221.48,58.01,110.74,FEB,0,Afgooye
1991,432.42,42.19,221.48,58.01,110.74,MAR,31.64,Afgooye
1991,432.42,42.19,221.48,58.01,110.74,APR,174.02,Afgooye
1991,432.42,42.19,221.48,58.01,110.74,MAY,47.46,Afgooye
1991,432.42,42.19,221.48,58.01,110.74,JUN,0,Afgooye
1991,432.42,42.19,221.48,58.01,110.74,JUL,58.01,Afgooye
1991,432.42,42.19,221.48,58.01,110.74,AUG,0,Afgooye
1991,432.42,42.19,221.48,58.01,110.74,SEP,0,Afgooye
1991,432.42,42.19,221.48,58.01,110.74,OCT,26.37,Afgooye
1991,432.42,42.19,221.48,58.01,110.74,NOV,36.91,Afgooye
1991,432.42,42.19,221.48,58.01,110.74,DEC,47.46,Afgooye
1992,432.42,0,163.48,0,268.95,JAN,0,Afgooye
1992,432.42,0,163.48,0,268.95,FEB,0,Afgooye
1992,432.42,0,163.48,0,268.95,MAR,0,Afgooye
1992,432.42,0,163.48,0,268.95,APR,147.66,Afgooye
1992,432.42,0,163.48,0,268.95,MAY,15.82,Afgooye
1992,432.42,0,163.48,0,268.95,JUN,0,Afgooye
1992,432.42,0,163.48,0,268.95,JUL,0,Afgooye
1992,432.42,0,163.48,0,268.95,AUG,0,Afgooye
1992,432.42,0,163.48,0,268.95,SEP,0,Afgooye
1992,432.42,0,163.48,0,268.95,OCT,10.55,Afgooye
1992,432.42,0,163.48,0,268.95,NOV,110.74,Afgooye
1992,432.42,0,163.48,0,268.95,DEC,147.66,Afgooye
1993,822.66,47.46,659.18,0,116.01,JAN,36.91,Afgooye
1993,822.66,47.46,659.18,0,116.01,FEB,10.55,Afgooye
1993,822.66,47.46,659.18,0,116.01,MAR,0,Afgooye
1993,822.66,47.46,659.18,0,116.01,APR,195.12,Afgooye
1993,822.66,47.46,659.18,0,116.01,MAY,464.06,Afgooye
1993,822.66,47.46,659.18,0,116.01,JUN,0,Afgooye
1993,822.66,47.46,659.18,0,116.01,JUL,0,Afgooye
1993,822.66,47.46,659.18,0,116.01,AUG,0,Afgooye
1993,822.66,47.46,659.18,0,116.01,SEP,0,Afgooye
1993,822.66,47.46,659.18,0,116.01,OCT,68.55,Afgooye
1993,822.66,47.46,659.18,0,116.01,NOV,47.46,Afgooye
1993,822.66,47.46,659.18,0,116.01,DEC,0,Afgooye
1994,395.51,0,142.38,26.37,226.75,JAN,0,Afgooye
1994,395.51,0,142.38,26.37,226.75,FEB,0,Afgooye
1994,395.51,0,142.38,26.37,226.75,MAR,0,Afgooye
1994,395.51,0,142.38,26.37,226.75,APR,94.92,Afgooye
1994,395.51,0,142.38,26.37,226.75,MAY,47.46,Afgooye
1994,395.51,0,142.38,26.37,226.75,JUN,0,Afgooye
1994,395.51,0,142.38,26.37,226.75,JUL,10.55,Afgooye
1994,395.51,0,142.38,26.37,226.75,AUG,15.82,Afgooye
1994,395.51,0,142.38,26.37,226.75,SEP,0,Afgooye
1994,395.51,0,142.38,26.37,226.75,OCT,52.73,Afgooye
1994,395.51,0,142.38,26.37,226.75,NOV,168.75,Afgooye
1994,395.51,0,142.38,26.37,226.75,DEC,5.27,Afgooye
1995,427.15,73.82,205.67,10.55,137.11,JAN,0,Afgooye
1995,427.15,73.82,205.67,10.55,137.11,FEB,5.27,Afgooye
1995,427.15,73.82,205.67,10.55,137.11,MAR,68.55,Afgooye
1995,427.15,73.82,205.67,10.55,137.11,APR,195.12,Afgooye
1995,427.15,73.82,205.67,10.55,137.11,MAY,10.55,Afgooye
1995,427.15,73.82,205.67,10.55,137.11,JUN,0,Afgooye
1995,427.15,73.82,205.67,10.55,137.11,JUL,0,Afgooye
1995,427.15,73.82,205.67,10.55,137.11,AUG,10.55,Afgooye
1995,427.15,73.82,205.67,10.55,137.11,SEP,0,Afgooye
1995,427.15,73.82,205.67,10.55,137.11,OCT,47.46,Afgooye
1995,427.15,73.82,205.67,10.55,137.11,NOV,84.38,Afgooye
1995,427.15,73.82,205.67,10.55,137.11,DEC,5.27,Afgooye
1996,242.58,63.28,137.11,0,42.18,JAN,0,Afgooye
1996,242.58,63.28,137.11,0,42.18,FEB,0,Afgooye
1996,242.58,63.28,137.11,0,42.18,MAR,63.28,Afgooye
1996,242.58,63.28,137.11,0,42.18,APR,63.28,Afgooye
1996,242.58,63.28,137.11,0,42.18,MAY,73.83,Afgooye
1996,242.58,63.28,137.11,0,42.18,JUN,0,Afgooye
1996,242.58,63.28,137.11,0,42.18,JUL,0,Afgooye
1996,242.58,63.28,137.11,0,42.18,AUG,0,Afgooye
1996,242.58,63.28,137.11,0,42.18,SEP,0,Afgooye
1996,242.58,63.28,137.11,0,42.18,OCT,0,Afgooye
1996,242.58,63.28,137.11,0,42.18,NOV,36.91,Afgooye
1996,242.58,63.28,137.11,0,42.18,DEC,5.27,Afgooye
1997,896.48,63.28,210.94,15.82,606.45,JAN,0,Afgooye
1997,896.48,63.28,210.94,15.82,606.45,FEB,0,Afgooye
1997,896.48,63.28,210.94,15.82,606.45,MAR,63.28,Afgooye
1997,896.48,63.28,210.94,15.82,606.45,APR,163.48,Afgooye
1997,896.48,63.28,210.94,15.82,606.45,MAY,47.46,Afgooye
1997,896.48,63.28,210.94,15.82,606.45,JUN,0,Afgooye
1997,896.48,63.28,210.94,15.82,606.45,JUL,0,Afgooye
1997,896.48,63.28,210.94,15.82,606.45,AUG,0,Afgooye
1997,896.48,63.28,210.94,15.82,606.45,SEP,15.82,Afgooye
1997,896.48,63.28,210.94,15.82,606.45,OCT,369.14,Afgooye
1997,896.48,63.28,210.94,15.82,606.45,NOV,131.84,Afgooye
1997,896.48,63.28,210.94,15.82,606.45,DEC,105.47,Afgooye
1998,147.66,26.37,110.74,0,10.54,JAN,15.82,Afgooye
1998,147.66,26.37,110.74,0,10.54,FEB,10.55,Afgooye
1998,147.66,26.37,110.74,0,10.54,MAR,0,Afgooye
1998,147.66,26.37,110.74,0,10.54,APR,47.46,Afgooye
1998,147.66,26.37,110.74,0,10.54,MAY,63.28,Afgooye
1998,147.66,26.37,110.74,0,10.54,JUN,0,Afgooye
1998,147.66,26.37,110.74,0,10.54,JUL,0,Afgooye
1998,147.66,26.37,110.74,0,10.54,AUG,0,Afgooye
1998,147.66,26.37,110.74,0,10.54,SEP,0,Afgooye
1998,147.66,26.37,110.74,0,10.54,OCT,5.27,Afgooye
1998,147.66,26.37,110.74,0,10.54,NOV,5.27,Afgooye
1998,147.66,26.37,110.74,0,10.54,DEC,0,Afgooye
1999,300.59,63.28,105.46,15.82,116.01,JAN,0,Afgooye
1999,300.59,63.28,105.46,15.82,116.01,FEB,0,Afgooye
1999,300.59,63.28,105.46,15.82,116.01,MAR,63.28,Afgooye
1999,300.59,63.28,105.46,15.82,116.01,APR,52.73,Afgooye
1999,300.59,63.28,105.46,15.82,116.01,MAY,52.73,Afgooye
1999,300.59,63.28,105.46,15.82,116.01,JUN,0,Afgooye
1999,300.59,63.28,105.46,15.82,116.01,JUL,15.82,Afgooye
1999,300.59,63.28,105.46,15.82,116.01,AUG,0,Afgooye
1999,300.59,63.28,105.46,15.82,116.01,SEP,0,Afgooye
1999,300.59,63.28,105.46,15.82,116.01,OCT,52.73,Afgooye
1999,300.59,63.28,105.46,15.82,116.01,NOV,63.28,Afgooye
1999,300.59,63.28,105.46,15.82,116.01,DEC,0,Afgooye
2000,369.14,0,89.65,5.27,274.22,JAN,0,Afgooye
2000,369.14,0,89.65,5.27,274.22,FEB,0,Afgooye
2000,369.14,0,89.65,5.27,274.22,MAR,0,Afgooye
2000,369.14,0,89.65,5.27,274.22,APR,10.55,Afgooye
2000,369.14,0,89.65,5.27,274.22,MAY,79.1,Afgooye
2000,369.14,0,89.65,5.27,274.22,JUN,0,Afgooye
2000,369.14,0,89.65,5.27,274.22,JUL,0,Afgooye
2000,369.14,0,89.65,5.27,274.22,AUG,0,Afgooye
2000,369.14,0,89.65,5.27,274.22,SEP,5.27,Afgooye
2000,369.14,0,89.65,5.27,274.22,OCT,242.58,Afgooye
2000,369.14,0,89.65,5.27,274.22,NOV,31.64,Afgooye
2000,369.14,0,89.65,5.27,274.22,DEC,0,Afgooye
2001,89.65,0,21.09,21.09,47.47,JAN,0,Afgooye
2001,89.65,0,21.09,21.09,47.47,FEB,0,Afgooye
2001,89.65,0,21.09,21.09,47.47,MAR,0,Afgooye
2001,89.65,0,21.09,21.09,47.47,APR,21.09,Afgooye
2001,89.65,0,21.09,21.09,47.47,MAY,0,Afgooye
2001,89.65,0,21.09,21.09,47.47,JUN,0,Afgooye
2001,89.65,0,21.09,21.09,47.47,JUL,0,Afgooye
2001,89.65,0,21.09,21.09,47.47,AUG,5.27,Afgooye
2001,89.65,0,21.09,21.09,47.47,SEP,15.82,Afgooye
2001,89.65,0,21.09,21.09,47.47,OCT,26.37,Afgooye
2001,89.65,0,21.09,21.09,47.47,NOV,10.55,Afgooye
2001,89.65,0,21.09,21.09,47.47,DEC,10.55,Afgooye
2002,295.31,0,84.38,0,210.94,JAN,0,Afgooye
2002,295.31,0,84.38,0,210.94,FEB,0,Afgooye
2002,295.31,0,84.38,0,210.94,MAR,0,Afgooye
2002,295.31,0,84.38,0,210.94,APR,73.83,Afgooye
2002,295.31,0,84.38,0,210.94,MAY,10.55,Afgooye
2002,295.31,0,84.38,0,210.94,JUN,0,Afgooye
2002,295.31,0,84.38,0,210.94,JUL,0,Afgooye
2002,295.31,0,84.38,0,210.94,AUG,0,Afgooye
2002,295.31,0,84.38,0,210.94,SEP,0,Afgooye
2002,295.31,0,84.38,0,210.94,OCT,84.38,Afgooye
2002,295.31,0,84.38,0,210.94,NOV,110.74,Afgooye
2002,295.31,0,84.38,0,210.94,DEC,15.82,Afgooye
2003,400.78,0,200.39,0,200.39,JAN,0,Afgooye
2003,400.78,0,200.39,0,200.39,FEB,0,Afgooye
2003,400.78,0,200.39,0,200.39,MAR,0,Afgooye
2003,400.78,0,200.39,0,200.39,APR,152.93,Afgooye
2003,400.78,0,200.39,0,200.39,MAY,47.46,Afgooye
2003,400.78,0,200.39,0,200.39,JUN,0,Afgooye
2003,400.78,0,200.39,0,200.39,JUL,0,Afgooye
2003,400.78,0,200.39,0,200.39,AUG,0,Afgooye
2003,400.78,0,200.39,0,200.39,SEP,0,Afgooye
2003,400.78,0,200.39,0,200.39,OCT,0,Afgooye
2003,400.78,0,200.39,0,200.39,NOV,47.46,Afgooye
2003,400.78,0,200.39,0,200.39,DEC,152.93,Afgooye
2004,311.13,0,126.56,0,184.57,JAN,0,Afgooye
2004,311.13,0,126.56,0,184.57,FEB,0,Afgooye
2004,311.13,0,126.56,0,184.57,MAR,0,Afgooye
2004,311.13,0,126.56,0,184.57,APR,52.73,Afgooye
2004,311.13,0,126.56,0,184.57,MAY,0,Afgooye
2004,311.13,0,126.56,0,184.57,JUN,73.83,Afgooye
2004,311.13,0,126.56,0,184.57,JUL,0,Afgooye
2004,311.13,0,126.56,0,184.57,AUG,0,Afgooye
2004,311.13,0,126.56,0,184.57,SEP,0,Afgooye
2004,311.13,0,126.56,0,184.57,OCT,121.29,Afgooye
2004,311.13,0,126.56,0,184.57,NOV,42.19,Afgooye
2004,311.13,0,126.56,0,184.57,DEC,21.09,Afgooye
2005,216.21,47.46,89.65,31.64,47.46,JAN,0,Afgooye
2005,216.21,47.46,89.65,31.64,47.46,FEB,5.27,Afgooye
2005,216.21,47.46,89.65,31.64,47.46,MAR,42.19,Afgooye
2005,216.21,47.46,89.65,31.64,47.46,APR,10.55,Afgooye
2005,216.21,47.46,89.65,31.64,47.46,MAY,73.83,Afgooye
2005,216.21,47.46,89.65,31.64,47.46,JUN,5.27,Afgooye
2005,216.21,47.46,89.65,31.64,47.46,JUL,31.64,Afgooye
2005,216.21,47.46,89.65,31.64,47.46,AUG,0,Afgooye
2005,216.21,47.46,89.65,31.64,47.46,SEP,0,Afgooye
2005,216.21,47.46,89.65,31.64,47.46,OCT,0,Afgooye
2005,216.21,47.46,89.65,31.64,47.46,NOV,47.46,Afgooye
2005,216.21,47.46,89.65,31.64,47.46,DEC,0,Afgooye
2006,701.37,31.64,174.03,15.82,479.88,JAN,26.37,Afgooye
2006,701.37,31.64,174.03,15.82,479.88,FEB,5.27,Afgooye
2006,701.37,31.64,174.03,15.82,479.88,MAR,0,Afgooye
2006,701.37,31.64,174.03,15.82,479.88,APR,131.84,Afgooye
2006,701.37,31.64,174.03,15.82,479.88,MAY,42.19,Afgooye
2006,701.37,31.64,174.03,15.82,479.88,JUN,0,Afgooye
2006,701.37,31.64,174.03,15.82,479.88,JUL,0,Afgooye
2006,701.37,31.64,174.03,15.82,479.88,AUG,0,Afgooye
2006,701.37,31.64,174.03,15.82,479.88,SEP,15.82,Afgooye
2006,701.37,31.64,174.03,15.82,479.88,OCT,295.31,Afgooye
2006,701.37,31.64,174.03,15.82,479.88,NOV,142.38,Afgooye
2006,701.37,31.64,174.03,15.82,479.88,DEC,42.19,Afgooye
2007,342.77,0,142.38,52.74,147.66,JAN,0,Afgooye
2007,342.77,0,142.38,52.74,147.66,FEB,0,Afgooye
2007,342.77,0,142.38,52.74,147.66,MAR,0,Afgooye
2007,342.77,0,142.38,52.74,147.66,APR,63.28,Afgooye
2007,342.77,0,142.38,52.74,147.66,MAY,21.09,Afgooye
2007,342.77,0,142.38,52.74,147.66,JUN,58.01,Afgooye
2007,342.77,0,142.38,52.74,147.66,JUL,0,Afgooye
2007,342.77,0,142.38,52.74,147.66,AUG,42.19,Afgooye
2007,342.77,0,142.38,52.74,147.66,SEP,10.55,Afgooye
2007,342.77,0,142.38,52.74,147.66,OCT,73.83,Afgooye
2007,342.77,0,142.38,52.74,147.66,NOV,73.83,Afgooye
2007,342.77,0,142.38,52.74,147.66,DEC,0,Afgooye
2008,675,63.28,342.77,15.82,253.13,JAN,58.01,Afgooye
2008,675,63.28,342.77,15.82,253.13,FEB,0,Afgooye
2008,675,63.28,342.77,15.82,253.13,MAR,5.27,Afgooye
2008,675,63.28,342.77,15.82,253.13,APR,200.39,Afgooye
2008,675,63.28,342.77,15.82,253.13,MAY,63.28,Afgooye
2008,675,63.28,342.77,15.82,253.13,JUN,79.1,Afgooye
2008,675,63.28,342.77,15.82,253.13,JUL,15.82,Afgooye
2008,675,63.28,342.77,15.82,253.13,AUG,0,Afgooye
2008,675,63.28,342.77,15.82,253.13,SEP,0,Afgooye
2008,675,63.28,342.77,15.82,253.13,OCT,58.01,Afgooye
2008,675,63.28,342.77,15.82,253.13,NOV,195.12,Afgooye
2008,675,63.28,342.77,15.82,253.13,DEC,0,Afgooye
2009,300.59,5.27,52.73,0,242.58,JAN,5.27,Afgooye
2009,300.59,5.27,52.73,0,242.58,FEB,0,Afgooye
2009,300.59,5.27,52.73,0,242.58,MAR,0,Afgooye
2009,300.59,5.27,52.73,0,242.58,APR,47.46,Afgooye
2009,300.59,5.27,52.73,0,242.58,MAY,5.27,Afgooye
2009,300.59,5.27,52.73,0,242.58,JUN,0,Afgooye
2009,300.59,5.27,52.73,0,242.58,JUL,0,Afgooye
2009,300.59,5.27,52.73,0,242.58,AUG,0,Afgooye
2009,300.59,5.27,52.73,0,242.58,SEP,0,Afgooye
2009,300.59,5.27,52.73,0,242.58,OCT,179.3,Afgooye
2009,300.59,5.27,52.73,0,242.58,NOV,36.91,Afgooye
2009,300.59,5.27,52.73,0,242.58,DEC,26.37,Afgooye
2010,479.88,126.56,221.49,100.2,31.64,JAN,0,Afgooye
2010,479.88,126.56,221.49,100.2,31.64,FEB,0,Afgooye
2010,479.88,126.56,221.49,100.2,31.64,MAR,126.56,Afgooye
2010,479.88,126.56,221.49,100.2,31.64,APR,195.12,Afgooye
2010,479.88,126.56,221.49,100.2,31.64,MAY,26.37,Afgooye
2010,479.88,126.56,221.49,100.2,31.64,JUN,0,Afgooye
2010,479.88,126.56,221.49,100.2,31.64,JUL,0,Afgooye
2010,479.88,126.56,221.49,100.2,31.64,AUG,100.2,Afgooye
2010,479.88,126.56,221.49,100.2,31.64,SEP,0,Afgooye
2010,479.88,126.56,221.49,100.2,31.64,OCT,31.64,Afgooye
2010,479.88,126.56,221.49,100.2,31.64,NOV,0,Afgooye
2010,479.88,126.56,221.49,100.2,31.64,DEC,0,Afgooye
2011,564.26,0,137.11,5.27,421.88,JAN,0,Afgooye
2011,564.26,0,137.11,5.27,421.88,FEB,0,Afgooye
2011,564.26,0,137.11,5.27,421.88,MAR,0,Afgooye
2011,564.26,0,137.11,5.27,421.88,APR,121.29,Afgooye
2011,564.26,0,137.11,5.27,421.88,MAY,15.82,Afgooye
2011,564.26,0,137.11,5.27,421.88,JUN,0,Afgooye
2011,564.26,0,137.11,5.27,421.88,JUL,5.27,Afgooye
2011,564.26,0,137.11,5.27,421.88,AUG,0,Afgooye
2011,564.26,0,137.11,5.27,421.88,SEP,0,Afgooye
2011,564.26,0,137.11,5.27,421.88,OCT,226.76,Afgooye
2011,564.26,0,137.11,5.27,421.88,NOV,195.12,Afgooye
2011,564.26,0,137.11,5.27,421.88,DEC,0,Afgooye
2012,421.88,0,332.22,15.82,73.83,JAN,0,Afgooye
2012,421.88,0,332.22,15.82,73.83,FEB,0,Afgooye
2012,421.88,0,332.22,15.82,73.83,MAR,0,Afgooye
2012,421.88,0,332.22,15.82,73.83,APR,216.21,Afgooye
2012,421.88,0,332.22,15.82,73.83,MAY,68.55,Afgooye
2012,421.88,0,332.22,15.82,73.83,JUN,47.46,Afgooye
2012,421.88,0,332.22,15.82,73.83,JUL,5.27,Afgooye
2012,421.88,0,332.22,15.82,73.83,AUG,10.55,Afgooye
2012,421.88,0,332.22,15.82,73.83,SEP,0,Afgooye
2012,421.88,0,332.22,15.82,73.83,OCT,0,Afgooye
2012,421.88,0,332.22,15.82,73.83,NOV,58.01,Afgooye
2012,421.88,0,332.22,15.82,73.83,DEC,15.82,Afgooye
2013,553.71,105.47,263.67,5.27,179.3,JAN,0,Afgooye
2013,553.71,105.47,263.67,5.27,179.3,FEB,0,Afgooye
2013,553.71,105.47,263.67,5.27,179.3,MAR,105.47,Afgooye
2013,553.71,105.47,263.67,5.27,179.3,APR,210.94,Afgooye
2013,553.71,105.47,263.67,5.27,179.3,MAY,52.73,Afgooye
2013,553.71,105.47,263.67,5.27,179.3,JUN,0,Afgooye
2013,553.71,105.47,263.67,5.27,179.3,JUL,5.27,Afgooye
2013,553.71,105.47,263.67,5.27,179.3,AUG,0,Afgooye
2013,553.71,105.47,263.67,5.27,179.3,SEP,0,Afgooye
2013,553.71,105.47,263.67,5.27,179.3,OCT,5.27,Afgooye
2013,553.71,105.47,263.67,5.27,179.3,NOV,163.48,Afgooye
2013,553.71,105.47,263.67,5.27,179.3,DEC,10.55,Afgooye
2014,558.98,21.09,284.76,26.37,226.76,JAN,0,Afgooye
2014,558.98,21.09,284.76,26.37,226.76,FEB,0,Afgooye
2014,558.98,21.09,284.76,26.37,226.76,MAR,21.09,Afgooye
2014,558.98,21.09,284.76,26.37,226.76,APR,110.74,Afgooye
2014,558.98,21.09,284.76,26.37,226.76,MAY,152.93,Afgooye
2014,558.98,21.09,284.76,26.37,226.76,JUN,21.09,Afgooye
2014,558.98,21.09,284.76,26.37,226.76,JUL,0,Afgooye
2014,558.98,21.09,284.76,26.37,226.76,AUG,15.82,Afgooye
2014,558.98,21.09,284.76,26.37,226.76,SEP,10.55,Afgooye
2014,558.98,21.09,284.76,26.37,226.76,OCT,89.65,Afgooye
2014,558.98,21.09,284.76,26.37,226.76,NOV,116.02,Afgooye
2014,558.98,21.09,284.76,26.37,226.76,DEC,21.09,Afgooye
2015,464.06,21.09,137.1,52.73,253.12,JAN,0,Afgooye
2015,464.06,21.09,137.1,52.73,253.12,FEB,0,Afgooye
2015,464.06,21.09,137.1,52.73,253.12,MAR,21.09,Afgooye
2015,464.06,21.09,137.1,52.73,253.12,APR,63.28,Afgooye
2015,464.06,21.09,137.1,52.73,253.12,MAY,68.55,Afgooye
2015,464.06,21.09,137.1,52.73,253.12,JUN,5.27,Afgooye
2015,464.06,21.09,137.1,52.73,253.12,JUL,36.91,Afgooye
2015,464.06,21.09,137.1,52.73,253.12,AUG,15.82,Afgooye
2015,464.06,21.09,137.1,52.73,253.12,SEP,0,Afgooye
2015,464.06,21.09,137.1,52.73,253.12,OCT,63.28,Afgooye
2015,464.06,21.09,137.1,52.73,253.12,NOV,168.75,Afgooye
2015,464.06,21.09,137.1,52.73,253.12,DEC,21.09,Afgooye
2016,253.12,5.27,210.94,0,36.92,JAN,0,Afgooye
2016,253.12,5.27,210.94,0,36.92,FEB,5.27,Afgooye
2016,253.12,5.27,210.94,0,36.92,MAR,0,Afgooye
2016,253.12,5.27,210.94,0,36.92,APR,126.56,Afgooye
2016,253.12,5.27,210.94,0,36.92,MAY,84.38,Afgooye
2016,253.12,5.27,210.94,0,36.92,JUN,0,Afgooye
2016,253.12,5.27,210.94,0,36.92,JUL,0,Afgooye
2016,253.12,5.27,210.94,0,36.92,AUG,0,Afgooye
2016,253.12,5.27,210.94,0,36.92,SEP,0,Afgooye
2016,253.12,5.27,210.94,0,36.92,OCT,0,Afgooye
2016,253.12,5.27,210.94,0,36.92,NOV,26.37,Afgooye
2016,253.12,5.27,210.94,0,36.92,DEC,10.55,Afgooye
2017,221.48,0,47.46,10.55,163.47,JAN,0,Afgooye
2017,221.48,0,47.46,10.55,163.47,FEB,0,Afgooye
2017,221.48,0,47.46,10.55,163.47,MAR,0,Afgooye
2017,221.48,0,47.46,10.55,163.47,APR,15.82,Afgooye
2017,221.48,0,47.46,10.55,163.47,MAY,10.55,Afgooye
2017,221.48,0,47.46,10.55,163.47,JUN,21.09,Afgooye
2017,221.48,0,47.46,10.55,163.47,JUL,0,Afgooye
2017,221.48,0,47.46,10.55,163.47,AUG,10.55,Afgooye
2017,221.48,0,47.46,10.55,163.47,SEP,0,Afgooye
2017,221.48,0,47.46,10.55,163.47,OCT,36.91,Afgooye
2017,221.48,0,47.46,10.55,163.47,NOV,126.56,Afgooye
2017,221.48,0,47.46,10.55,163.47,DEC,0,Afgooye
2018,179.3,0,94.92,63.28,21.09,JAN,0,Afgooye
2018,179.3,0,94.92,63.28,21.09,FEB,0,Afgooye
2018,179.3,0,94.92,63.28,21.09,MAR,0,Afgooye
2018,179.3,0,94.92,63.28,21.09,APR,89.65,Afgooye
2018,179.3,0,94.92,63.28,21.09,MAY,5.27,Afgooye
2018,179.3,0,94.92,63.28,21.09,JUN,0,Afgooye
2018,179.3,0,94.92,63.28,21.09,JUL,0,Afgooye
2018,179.3,0,94.92,63.28,21.09,AUG,63.28,Afgooye
2018,179.3,0,94.92,63.28,21.09,SEP,0,Afgooye
2018,179.3,0,94.92,63.28,21.09,OCT,15.82,Afgooye
2018,179.3,0,94.92,63.28,21.09,NOV,5.27,Afgooye
2018,179.3,0,94.92,63.28,21.09,DEC,0,Afgooye
2019,369.14,0,121.29,42.19,205.66,JAN,0,Afgooye
2019,369.14,0,121.29,42.19,205.66,FEB,0,Afgooye
2019,369.14,0,121.29,42.19,205.66,MAR,0,Afgooye
2019,369.14,0,121.29,42.19,205.66,APR,5.27,Afgooye
2019,369.14,0,121.29,42.19,205.66,MAY,31.64,Afgooye
2019,369.14,0,121.29,42.19,205.66,JUN,84.38,Afgooye
2019,369.14,0,121.29,42.19,205.66,JUL,26.37,Afgooye
2019,369.14,0,121.29,42.19,205.66,AUG,0,Afgooye
2019,369.14,0,121.29,42.19,205.66,SEP,15.82,Afgooye
2019,369.14,0,121.29,42.19,205.66,OCT,147.66,Afgooye
2019,369.14,0,121.29,42.19,205.66,NOV,36.91,Afgooye
2019,369.14,0,121.29,42.19,205.66,DEC,21.09,Afgooye
2020,949.22,0,363.87,511.53,73.83,JAN,0,Afgooye
2020,949.22,0,363.87,511.53,73.83,FEB,0,Afgooye
2020,949.22,0,363.87,511.53,73.83,MAR,0,Afgooye
2020,949.22,0,363.87,511.53,73.83,APR,58.01,Afgooye
2020,949.22,0,363.87,511.53,73.83,MAY,195.12,Afgooye
2020,949.22,0,363.87,511.53,73.83,JUN,110.74,Afgooye
2020,949.22,0,363.87,511.53,73.83,JUL,210.94,Afgooye
2020,949.22,0,363.87,511.53,73.83,AUG,131.84,Afgooye
2020,949.22,0,363.87,511.53,73.83,SEP,168.75,Afgooye
2020,949.22,0,363.87,511.53,73.83,OCT,26.37,Afgooye
2020,949.22,0,363.87,511.53,73.83,NOV,42.19,Afgooye
2020,949.22,0,363.87,511.53,73.83,DEC,5.27,Afgooye
1981,685.55,152.93,395.51,42.19,94.92,JAN,0,Qoryooley
1981,685.55,152.93,395.51,42.19,94.92,FEB,31.64,Qoryooley
1981,685.55,152.93,395.51,42.19,94.92,MAR,121.29,Qoryooley
1981,685.55,152.93,395.51,42.19,94.92,APR,369.14,Qoryooley
1981,685.55,152.93,395.51,42.19,94.92,MAY,26.37,Qoryooley
1981,685.55,152.93,395.51,42.19,94.92,JUN,0,Qoryooley
1981,685.55,152.93,395.51,42.19,94.92,JUL,0,Qoryooley
1981,685.55,152.93,395.51,42.19,94.92,AUG,0,Qoryooley
1981,685.55,152.93,395.51,42.19,94.92,SEP,42.19,Qoryooley
1981,685.55,152.93,395.51,42.19,94.92,OCT,42.19,Qoryooley
1981,685.55,152.93,395.51,42.19,94.92,NOV,47.46,Qoryooley
1981,685.55,152.93,395.51,42.19,94.92,DEC,5.27,Qoryooley
1982,279.49,52.73,100.2,58.01,68.55,JAN,36.91,Qoryooley
1982,279.49,52.73,100.2,58.01,68.55,FEB,15.82,Qoryooley
1982,279.49,52.73,100.2,58.01,68.55,MAR,0,Qoryooley
1982,279.49,52.73,100.2,58.01,68.55,APR,42.19,Qoryooley
1982,279.49,52.73,100.2,58.01,68.55,MAY,31.64,Qoryooley
1982,279.49,52.73,100.2,58.01,68.55,JUN,26.37,Qoryooley
1982,279.49,52.73,100.2,58.01,68.55,JUL,31.64,Qoryooley
1982,279.49,52.73,100.2,58.01,68.55,AUG,26.37,Qoryooley
1982,279.49,52.73,100.2,58.01,68.55,SEP,0,Qoryooley
1982,279.49,52.73,100.2,58.01,68.55,OCT,31.64,Qoryooley
1982,279.49,52.73,100.2,58.01,68.55,NOV,31.64,Qoryooley
1982,279.49,52.73,100.2,58.01,68.55,DEC,5.27,Qoryooley
1983,94.92,5.27,89.64,0,0,JAN,5.27,Qoryooley
1983,94.92,5.27,89.64,0,0,FEB,0,Qoryooley
1983,94.92,5.27,89.64,0,0,MAR,0,Qoryooley
1983,94.92,5.27,89.64,0,0,APR,52.73,Qoryooley
1983,94.92,5.27,89.64,0,0,MAY,36.91,Qoryooley
1983,94.92,5.27,89.64,0,0,JUN,0,Qoryooley
1983,94.92,5.27,89.64,0,0,JUL,0,Qoryooley
1983,94.92,5.27,89.64,0,0,AUG,0,Qoryooley
1983,94.92,5.27,89.64,0,0,SEP,0,Qoryooley
1983,94.92,5.27,89.64,0,0,OCT,0,Qoryooley
1983,94.92,5.27,89.64,0,0,NOV,0,Qoryooley
1983,94.92,5.27,89.64,0,0,DEC,0,Qoryooley
1984,189.84,0,68.55,68.55,52.74,JAN,0,Qoryooley
1984,189.84,0,68.55,68.55,52.74,FEB,0,Qoryooley
1984,189.84,0,68.55,68.55,52.74,MAR,0,Qoryooley
1984,189.84,0,68.55,68.55,52.74,APR,36.91,Qoryooley
1984,189.84,0,68.55,68.55,52.74,MAY,31.64,Qoryooley
1984,189.84,0,68.55,68.55,52.74,JUN,0,Qoryooley
1984,189.84,0,68.55,68.55,52.74,JUL,0,Qoryooley
1984,189.84,0,68.55,68.55,52.74,AUG,68.55,Qoryooley
1984,189.84,0,68.55,68.55,52.74,SEP,0,Qoryooley
1984,189.84,0,68.55,68.55,52.74,OCT,26.37,Qoryooley
1984,189.84,0,68.55,68.55,52.74,NOV,26.37,Qoryooley
1984,189.84,0,68.55,68.55,52.74,DEC,0,Qoryooley
1985,89.65,36.91,52.73,0,0,JAN,0,Qoryooley
1985,89.65,36.91,52.73,0,0,FEB,0,Qoryooley
1985,89.65,36.91,52.73,0,0,MAR,36.91,Qoryooley
1985,89.65,36.91,52.73,0,0,APR,26.37,Qoryooley
1985,89.65,36.91,52.73,0,0,MAY,21.09,Qoryooley
1985,89.65,36.91,52.73,0,0,JUN,5.27,Qoryooley
1985,89.65,36.91,52.73,0,0,JUL,0,Qoryooley
1985,89.65,36.91,52.73,0,0,AUG,0,Qoryooley
1985,89.65,36.91,52.73,0,0,SEP,0,Qoryooley
1985,89.65,36.91,52.73,0,0,OCT,0,Qoryooley
1985,89.65,36.91,52.73,0,0,NOV,0,Qoryooley
1985,89.65,36.91,52.73,0,0,DEC,0,Qoryooley
1986,142.38,0,36.91,0,105.47,JAN,0,Qoryooley
1986,142.38,0,36.91,0,105.47,FEB,0,Qoryooley
1986,142.38,0,36.91,0,105.47,MAR,0,Qoryooley
1986,142.38,0,36.91,0,105.47,APR,0,Qoryooley
1986,142.38,0,36.91,0,105.47,MAY,31.64,Qoryooley
1986,142.38,0,36.91,0,105.47,JUN,5.27,Qoryooley
1986,142.38,0,36.91,0,105.47,JUL,0,Qoryooley
1986,142.38,0,36.91,0,105.47,AUG,0,Qoryooley
1986,142.38,0,36.91,0,105.47,SEP,0,Qoryooley
1986,142.38,0,36.91,0,105.47,OCT,58.01,Qoryooley
1986,142.38,0,36.91,0,105.47,NOV,21.09,Qoryooley
1986,142.38,0,36.91,0,105.47,DEC,26.37,Qoryooley
1987,632.81,10.55,279.49,247.85,94.92,JAN,0,Qoryooley
1987,632.81,10.55,279.49,247.85,94.92,FEB,0,Qoryooley
1987,632.81,10.55,279.49,247.85,94.92,MAR,10.55,Qoryooley
1987,632.81,10.55,279.49,247.85,94.92,APR,26.37,Qoryooley
1987,632.81,10.55,279.49,247.85,94.92,MAY,253.12,Qoryooley
1987,632.81,10.55,279.49,247.85,94.92,JUN,0,Qoryooley
1987,632.81,10.55,279.49,247.85,94.92,JUL,242.58,Qoryooley
1987,632.81,10.55,279.49,247.85,94.92,AUG,5.27,Qoryooley
1987,632.81,10.55,279.49,247.85,94.92,SEP,0,Qoryooley
1987,632.81,10.55,279.49,247.85,94.92,OCT,36.91,Qoryooley
1987,632.81,10.55,279.49,247.85,94.92,NOV,58.01,Qoryooley
1987,632.81,10.55,279.49,247.85,94.92,DEC,0,Qoryooley
1988,147.66,15.82,116.01,0,15.82,JAN,0,Qoryooley
1988,147.66,15.82,116.01,0,15.82,FEB,0,Qoryooley
1988,147.66,15.82,116.01,0,15.82,MAR,15.82,Qoryooley
1988,147.66,15.82,116.01,0,15.82,APR,52.73,Qoryooley
1988,147.66,15.82,116.01,0,15.82,MAY,58.01,Qoryooley
1988,147.66,15.82,116.01,0,15.82,JUN,5.27,Qoryooley
1988,147.66,15.82,116.01,0,15.82,JUL,0,Qoryooley
1988,147.66,15.82,116.01,0,15.82,AUG,0,Qoryooley
1988,147.66,15.82,116.01,0,15.82,SEP,0,Qoryooley
1988,147.66,15.82,116.01,0,15.82,OCT,0,Qoryooley
1988,147.66,15.82,116.01,0,15.82,NOV,0,Qoryooley
1988,147.66,15.82,116.01,0,15.82,DEC,15.82,Qoryooley
1989,337.5,0,268.95,0,68.55,JAN,0,Qoryooley
1989,337.5,0,268.95,0,68.55,FEB,0,Qoryooley
1989,337.5,0,268.95,0,68.55,MAR,0,Qoryooley
1989,337.5,0,268.95,0,68.55,APR,184.57,Qoryooley
1989,337.5,0,268.95,0,68.55,MAY,84.38,Qoryooley
1989,337.5,0,268.95,0,68.55,JUN,0,Qoryooley
1989,337.5,0,268.95,0,68.55,JUL,0,Qoryooley
1989,337.5,0,268.95,0,68.55,AUG,0,Qoryooley
1989,337.5,0,268.95,0,68.55,SEP,0,Qoryooley
1989,337.5,0,268.95,0,68.55,OCT,15.82,Qoryooley
1989,337.5,0,268.95,0,68.55,NOV,31.64,Qoryooley
1989,337.5,0,268.95,0,68.55,DEC,21.09,Qoryooley
1990,701.37,31.64,337.5,0,332.23,JAN,0,Qoryooley
1990,701.37,31.64,337.5,0,332.23,FEB,0,Qoryooley
1990,701.37,31.64,337.5,0,332.23,MAR,31.64,Qoryooley
1990,701.37,31.64,337.5,0,332.23,APR,337.5,Qoryooley
1990,701.37,31.64,337.5,0,332.23,MAY,0,Qoryooley
1990,701.37,31.64,337.5,0,332.23,JUN,0,Qoryooley
1990,701.37,31.64,337.5,0,332.23,JUL,0,Qoryooley
1990,701.37,31.64,337.5,0,332.23,AUG,0,Qoryooley
1990,701.37,31.64,337.5,0,332.23,SEP,0,Qoryooley
1990,701.37,31.64,337.5,0,332.23,OCT,121.29,Qoryooley
1990,701.37,31.64,337.5,0,332.23,NOV,105.47,Qoryooley
1990,701.37,31.64,337.5,0,332.23,DEC,105.47,Qoryooley
1991,564.26,73.83,290.04,31.64,168.75,JAN,26.37,Qoryooley
1991,564.26,73.83,290.04,31.64,168.75,FEB,0,Qoryooley
1991,564.26,73.83,290.04,31.64,168.75,MAR,47.46,Qoryooley
1991,564.26,73.83,290.04,31.64,168.75,APR,210.94,Qoryooley
1991,564.26,73.83,290.04,31.64,168.75,MAY,79.1,Qoryooley
1991,564.26,73.83,290.04,31.64,168.75,JUN,0,Qoryooley
1991,564.26,73.83,290.04,31.64,168.75,JUL,31.64,Qoryooley
1991,564.26,73.83,290.04,31.64,168.75,AUG,0,Qoryooley
1991,564.26,73.83,290.04,31.64,168.75,SEP,0,Qoryooley
1991,564.26,73.83,290.04,31.64,168.75,OCT,36.91,Qoryooley
1991,564.26,73.83,290.04,31.64,168.75,NOV,58.01,Qoryooley
1991,564.26,73.83,290.04,31.64,168.75,DEC,73.83,Qoryooley
1992,474.61,0,152.93,5.27,316.41,JAN,0,Qoryooley
1992,474.61,0,152.93,5.27,316.41,FEB,0,Qoryooley
1992,474.61,0,152.93,5.27,316.41,MAR,0,Qoryooley
1992,474.61,0,152.93,5.27,316.41,APR,126.56,Qoryooley
1992,474.61,0,152.93,5.27,316.41,MAY,26.37,Qoryooley
1992,474.61,0,152.93,5.27,316.41,JUN,0,Qoryooley
1992,474.61,0,152.93,5.27,316.41,JUL,0,Qoryooley
1992,474.61,0,152.93,5.27,316.41,AUG,0,Qoryooley
1992,474.61,0,152.93,5.27,316.41,SEP,5.27,Qoryooley
1992,474.61,0,152.93,5.27,316.41,OCT,10.55,Qoryooley
1992,474.61,0,152.93,5.27,316.41,NOV,116.02,Qoryooley
1992,474.61,0,152.93,5.27,316.41,DEC,189.84,Qoryooley
1993,1149.61,58.01,917.58,0,174.03,JAN,47.46,Qoryooley
1993,1149.61,58.01,917.58,0,174.03,FEB,10.55,Qoryooley
1993,1149.61,58.01,917.58,0,174.03,MAR,0,Qoryooley
1993,1149.61,58.01,917.58,0,174.03,APR,284.77,Qoryooley
1993,1149.61,58.01,917.58,0,174.03,MAY,632.81,Qoryooley
1993,1149.61,58.01,917.58,0,174.03,JUN,0,Qoryooley
1993,1149.61,58.01,917.58,0,174.03,JUL,0,Qoryooley
1993,1149.61,58.01,917.58,0,174.03,AUG,0,Qoryooley
1993,1149.61,58.01,917.58,0,174.03,SEP,0,Qoryooley
1993,1149.61,58.01,917.58,0,174.03,OCT,100.2,Qoryooley
1993,1149.61,58.01,917.58,0,174.03,NOV,73.83,Qoryooley
1993,1149.61,58.01,917.58,0,174.03,DEC,0,Qoryooley
1994,580.08,0,168.75,26.37,384.96,JAN,0,Qoryooley
1994,580.08,0,168.75,26.37,384.96,FEB,0,Qoryooley
1994,580.08,0,168.75,26.37,384.96,MAR,0,Qoryooley
1994,580.08,0,168.75,26.37,384.96,APR,100.2,Qoryooley
1994,580.08,0,168.75,26.37,384.96,MAY,68.55,Qoryooley
1994,580.08,0,168.75,26.37,384.96,JUN,0,Qoryooley
1994,580.08,0,168.75,26.37,384.96,JUL,10.55,Qoryooley
1994,580.08,0,168.75,26.37,384.96,AUG,15.82,Qoryooley
1994,580.08,0,168.75,26.37,384.96,SEP,0,Qoryooley
1994,580.08,0,168.75,26.37,384.96,OCT,79.1,Qoryooley
1994,580.08,0,168.75,26.37,384.96,NOV,295.31,Qoryooley
1994,580.08,0,168.75,26.37,384.96,DEC,10.55,Qoryooley
1995,701.37,147.66,295.31,15.82,242.58,JAN,0,Qoryooley
1995,701.37,147.66,295.31,15.82,242.58,FEB,10.55,Qoryooley
1995,701.37,147.66,295.31,15.82,242.58,MAR,137.11,Qoryooley
1995,701.37,147.66,295.31,15.82,242.58,APR,274.22,Qoryooley
1995,701.37,147.66,295.31,15.82,242.58,MAY,21.09,Qoryooley
1995,701.37,147.66,295.31,15.82,242.58,JUN,0,Qoryooley
1995,701.37,147.66,295.31,15.82,242.58,JUL,0,Qoryooley
1995,701.37,147.66,295.31,15.82,242.58,AUG,15.82,Qoryooley
1995,701.37,147.66,295.31,15.82,242.58,SEP,0,Qoryooley
1995,701.37,147.66,295.31,15.82,242.58,OCT,89.65,Qoryooley
1995,701.37,147.66,295.31,15.82,242.58,NOV,121.29,Qoryooley
1995,701.37,147.66,295.31,15.82,242.58,DEC,31.64,Qoryooley
1996,337.5,89.65,174.03,0,73.82,JAN,0,Qoryooley
1996,337.5,89.65,174.03,0,73.82,FEB,0,Qoryooley
1996,337.5,89.65,174.03,0,73.82,MAR,89.65,Qoryooley
1996,337.5,89.65,174.03,0,73.82,APR,84.38,Qoryooley
1996,337.5,89.65,174.03,0,73.82,MAY,89.65,Qoryooley
1996,337.5,89.65,174.03,0,73.82,JUN,0,Qoryooley
1996,337.5,89.65,174.03,0,73.82,JUL,0,Qoryooley
1996,337.5,89.65,174.03,0,73.82,AUG,0,Qoryooley
1996,337.5,89.65,174.03,0,73.82,SEP,0,Qoryooley
1996,337.5,89.65,174.03,0,73.82,OCT,0,Qoryooley
1996,337.5,89.65,174.03,0,73.82,NOV,68.55,Qoryooley
1996,337.5,89.65,174.03,0,73.82,DEC,5.27,Qoryooley
1997,1487.11,105.47,279.49,26.37,1075.78,JAN,0,Qoryooley
1997,1487.11,105.47,279.49,26.37,1075.78,FEB,0,Qoryooley
1997,1487.11,105.47,279.49,26.37,1075.78,MAR,105.47,Qoryooley
1997,1487.11,105.47,279.49,26.37,1075.78,APR,210.94,Qoryooley
1997,1487.11,105.47,279.49,26.37,1075.78,MAY,68.55,Qoryooley
1997,1487.11,105.47,279.49,26.37,1075.78,JUN,0,Qoryooley
1997,1487.11,105.47,279.49,26.37,1075.78,JUL,0,Qoryooley
1997,1487.11,105.47,279.49,26.37,1075.78,AUG,0,Qoryooley
1997,1487.11,105.47,279.49,26.37,1075.78,SEP,26.37,Qoryooley
1997,1487.11,105.47,279.49,26.37,1075.78,OCT,601.17,Qoryooley
1997,1487.11,105.47,279.49,26.37,1075.78,NOV,274.22,Qoryooley
1997,1487.11,105.47,279.49,26.37,1075.78,DEC,200.39,Qoryooley
1998,268.95,52.73,200.39,0,15.82,JAN,47.46,Qoryooley
1998,268.95,52.73,200.39,0,15.82,FEB,5.27,Qoryooley
1998,268.95,52.73,200.39,0,15.82,MAR,0,Qoryooley
1998,268.95,52.73,200.39,0,15.82,APR,79.1,Qoryooley
1998,268.95,52.73,200.39,0,15.82,MAY,121.29,Qoryooley
1998,268.95,52.73,200.39,0,15.82,JUN,0,Qoryooley
1998,268.95,52.73,200.39,0,15.82,JUL,0,Qoryooley
1998,268.95,52.73,200.39,0,15.82,AUG,0,Qoryooley
1998,268.95,52.73,200.39,0,15.82,SEP,0,Qoryooley
1998,268.95,52.73,200.39,0,15.82,OCT,5.27,Qoryooley
1998,268.95,52.73,200.39,0,15.82,NOV,10.55,Qoryooley
1998,268.95,52.73,200.39,0,15.82,DEC,0,Qoryooley
1999,448.24,63.28,142.38,21.09,221.48,JAN,0,Qoryooley
1999,448.24,63.28,142.38,21.09,221.48,FEB,0,Qoryooley
1999,448.24,63.28,142.38,21.09,221.48,MAR,63.28,Qoryooley
1999,448.24,63.28,142.38,21.09,221.48,APR,79.1,Qoryooley
1999,448.24,63.28,142.38,21.09,221.48,MAY,63.28,Qoryooley
1999,448.24,63.28,142.38,21.09,221.48,JUN,0,Qoryooley
1999,448.24,63.28,142.38,21.09,221.48,JUL,21.09,Qoryooley
1999,448.24,63.28,142.38,21.09,221.48,AUG,0,Qoryooley
1999,448.24,63.28,142.38,21.09,221.48,SEP,0,Qoryooley
1999,448.24,63.28,142.38,21.09,221.48,OCT,110.74,Qoryooley
1999,448.24,63.28,142.38,21.09,221.48,NOV,105.47,Qoryooley
1999,448.24,63.28,142.38,21.09,221.48,DEC,5.27,Qoryooley
2000,522.07,0,116.02,21.09,384.96,JAN,0,Qoryooley
2000,522.07,0,116.02,21.09,384.96,FEB,0,Qoryooley
2000,522.07,0,116.02,21.09,384.96,MAR,0,Qoryooley
2000,522.07,0,116.02,21.09,384.96,APR,10.55,Qoryooley
2000,522.07,0,116.02,21.09,384.96,MAY,105.47,Qoryooley
2000,522.07,0,116.02,21.09,384.96,JUN,0,Qoryooley
2000,522.07,0,116.02,21.09,384.96,JUL,0,Qoryooley
2000,522.07,0,116.02,21.09,384.96,AUG,0,Qoryooley
2000,522.07,0,116.02,21.09,384.96,SEP,21.09,Qoryooley
2000,522.07,0,116.02,21.09,384.96,OCT,342.77,Qoryooley
2000,522.07,0,116.02,21.09,384.96,NOV,42.19,Qoryooley
2000,522.07,0,116.02,21.09,384.96,DEC,0,Qoryooley
2001,174.02,0,47.46,31.64,94.92,JAN,0,Qoryooley
2001,174.02,0,47.46,31.64,94.92,FEB,0,Qoryooley
2001,174.02,0,47.46,31.64,94.92,MAR,0,Qoryooley
2001,174.02,0,47.46,31.64,94.92,APR,47.46,Qoryooley
2001,174.02,0,47.46,31.64,94.92,MAY,0,Qoryooley
2001,174.02,0,47.46,31.64,94.92,JUN,0,Qoryooley
2001,174.02,0,47.46,31.64,94.92,JUL,5.27,Qoryooley
2001,174.02,0,47.46,31.64,94.92,AUG,10.55,Qoryooley
2001,174.02,0,47.46,31.64,94.92,SEP,15.82,Qoryooley
2001,174.02,0,47.46,31.64,94.92,OCT,36.91,Qoryooley
2001,174.02,0,47.46,31.64,94.92,NOV,42.19,Qoryooley
2001,174.02,0,47.46,31.64,94.92,DEC,15.82,Qoryooley
2002,574.8,0,189.84,0,384.97,JAN,0,Qoryooley
2002,574.8,0,189.84,0,384.97,FEB,0,Qoryooley
2002,574.8,0,189.84,0,384.97,MAR,0,Qoryooley
2002,574.8,0,189.84,0,384.97,APR,184.57,Qoryooley
2002,574.8,0,189.84,0,384.97,MAY,5.27,Qoryooley
2002,574.8,0,189.84,0,384.97,JUN,0,Qoryooley
2002,574.8,0,189.84,0,384.97,JUL,0,Qoryooley
2002,574.8,0,189.84,0,384.97,AUG,0,Qoryooley
2002,574.8,0,189.84,0,384.97,SEP,0,Qoryooley
2002,574.8,0,189.84,0,384.97,OCT,147.66,Qoryooley
2002,574.8,0,189.84,0,384.97,NOV,179.3,Qoryooley
2002,574.8,0,189.84,0,384.97,DEC,58.01,Qoryooley
2003,595.9,0,305.86,5.27,284.77,JAN,0,Qoryooley
2003,595.9,0,305.86,5.27,284.77,FEB,0,Qoryooley
2003,595.9,0,305.86,5.27,284.77,MAR,0,Qoryooley
2003,595.9,0,305.86,5.27,284.77,APR,210.94,Qoryooley
2003,595.9,0,305.86,5.27,284.77,MAY,94.92,Qoryooley
2003,595.9,0,305.86,5.27,284.77,JUN,0,Qoryooley
2003,595.9,0,305.86,5.27,284.77,JUL,0,Qoryooley
2003,595.9,0,305.86,5.27,284.77,AUG,0,Qoryooley
2003,595.9,0,305.86,5.27,284.77,SEP,5.27,Qoryooley
2003,595.9,0,305.86,5.27,284.77,OCT,5.27,Qoryooley
2003,595.9,0,305.86,5.27,284.77,NOV,84.38,Qoryooley
2003,595.9,0,305.86,5.27,284.77,DEC,195.12,Qoryooley
2004,500.98,0,195.11,0,305.86,JAN,0,Qoryooley
2004,500.98,0,195.11,0,305.86,FEB,0,Qoryooley
2004,500.98,0,195.11,0,305.86,MAR,0,Qoryooley
2004,500.98,0,195.11,0,305.86,APR,121.29,Qoryooley
2004,500.98,0,195.11,0,305.86,MAY,5.27,Qoryooley
2004,500.98,0,195.11,0,305.86,JUN,68.55,Qoryooley
2004,500.98,0,195.11,0,305.86,JUL,0,Qoryooley
2004,500.98,0,195.11,0,305.86,AUG,0,Qoryooley
2004,500.98,0,195.11,0,305.86,SEP,0,Qoryooley
2004,500.98,0,195.11,0,305.86,OCT,179.3,Qoryooley
2004,500.98,0,195.11,0,305.86,NOV,94.92,Qoryooley
2004,500.98,0,195.11,0,305.86,DEC,31.64,Qoryooley
2005,284.77,84.37,105.46,21.09,73.83,JAN,0,Qoryooley
2005,284.77,84.37,105.46,21.09,73.83,FEB,5.27,Qoryooley
2005,284.77,84.37,105.46,21.09,73.83,MAR,79.1,Qoryooley
2005,284.77,84.37,105.46,21.09,73.83,APR,21.09,Qoryooley
2005,284.77,84.37,105.46,21.09,73.83,MAY,79.1,Qoryooley
2005,284.77,84.37,105.46,21.09,73.83,JUN,5.27,Qoryooley
2005,284.77,84.37,105.46,21.09,73.83,JUL,21.09,Qoryooley
2005,284.77,84.37,105.46,21.09,73.83,AUG,0,Qoryooley
2005,284.77,84.37,105.46,21.09,73.83,SEP,0,Qoryooley
2005,284.77,84.37,105.46,21.09,73.83,OCT,0,Qoryooley
2005,284.77,84.37,105.46,21.09,73.83,NOV,73.83,Qoryooley
2005,284.77,84.37,105.46,21.09,73.83,DEC,0,Qoryooley
2006,1033.59,26.36,232.03,15.82,759.37,JAN,21.09,Qoryooley
2006,1033.59,26.36,232.03,15.82,759.37,FEB,5.27,Qoryooley
2006,1033.59,26.36,232.03,15.82,759.37,MAR,0,Qoryooley
2006,1033.59,26.36,232.03,15.82,759.37,APR,168.75,Qoryooley
2006,1033.59,26.36,232.03,15.82,759.37,MAY,63.28,Qoryooley
2006,1033.59,26.36,232.03,15.82,759.37,JUN,0,Qoryooley
2006,1033.59,26.36,232.03,15.82,759.37,JUL,0,Qoryooley
2006,1033.59,26.36,232.03,15.82,759.37,AUG,0,Qoryooley
2006,1033.59,26.36,232.03,15.82,759.37,SEP,15.82,Qoryooley
2006,1033.59,26.36,232.03,15.82,759.37,OCT,432.42,Qoryooley
2006,1033.59,26.36,232.03,15.82,759.37,NOV,258.4,Qoryooley
2006,1033.59,26.36,232.03,15.82,759.37,DEC,68.55,Qoryooley
2007,590.62,21.1,258.41,84.37,226.76,JAN,10.55,Qoryooley
2007,590.62,21.1,258.41,84.37,226.76,FEB,0,Qoryooley
2007,590.62,21.1,258.41,84.37,226.76,MAR,10.55,Qoryooley
2007,590.62,21.1,258.41,84.37,226.76,APR,100.2,Qoryooley
2007,590.62,21.1,258.41,84.37,226.76,MAY,84.38,Qoryooley
2007,590.62,21.1,258.41,84.37,226.76,JUN,73.83,Qoryooley
2007,590.62,21.1,258.41,84.37,226.76,JUL,0,Qoryooley
2007,590.62,21.1,258.41,84.37,226.76,AUG,47.46,Qoryooley
2007,590.62,21.1,258.41,84.37,226.76,SEP,36.91,Qoryooley
2007,590.62,21.1,258.41,84.37,226.76,OCT,126.56,Qoryooley
2007,590.62,21.1,258.41,84.37,226.76,NOV,100.2,Qoryooley
2007,590.62,21.1,258.41,84.37,226.76,DEC,0,Qoryooley
2008,864.84,100.19,421.87,31.64,311.13,JAN,94.92,Qoryooley
2008,864.84,100.19,421.87,31.64,311.13,FEB,0,Qoryooley
2008,864.84,100.19,421.87,31.64,311.13,MAR,5.27,Qoryooley
2008,864.84,100.19,421.87,31.64,311.13,APR,237.3,Qoryooley
2008,864.84,100.19,421.87,31.64,311.13,MAY,89.65,Qoryooley
2008,864.84,100.19,421.87,31.64,311.13,JUN,94.92,Qoryooley
2008,864.84,100.19,421.87,31.64,311.13,JUL,26.37,Qoryooley
2008,864.84,100.19,421.87,31.64,311.13,AUG,5.27,Qoryooley
2008,864.84,100.19,421.87,31.64,311.13,SEP,0,Qoryooley
2008,864.84,100.19,421.87,31.64,311.13,OCT,47.46,Qoryooley
2008,864.84,100.19,421.87,31.64,311.13,NOV,263.67,Qoryooley
2008,864.84,100.19,421.87,31.64,311.13,DEC,0,Qoryooley
2009,516.8,5.27,126.56,0,384.96,JAN,5.27,Qoryooley
2009,516.8,5.27,126.56,0,384.96,FEB,0,Qoryooley
2009,516.8,5.27,126.56,0,384.96,MAR,0,Qoryooley
2009,516.8,5.27,126.56,0,384.96,APR,84.38,Qoryooley
2009,516.8,5.27,126.56,0,384.96,MAY,36.91,Qoryooley
2009,516.8,5.27,126.56,0,384.96,JUN,5.27,Qoryooley
2009,516.8,5.27,126.56,0,384.96,JUL,0,Qoryooley
2009,516.8,5.27,126.56,0,384.96,AUG,0,Qoryooley
2009,516.8,5.27,126.56,0,384.96,SEP,0,Qoryooley
2009,516.8,5.27,126.56,0,384.96,OCT,279.49,Qoryooley
2009,516.8,5.27,126.56,0,384.96,NOV,63.28,Qoryooley
2009,516.8,5.27,126.56,0,384.96,DEC,42.19,Qoryooley
2010,664.45,195.12,353.32,68.55,47.46,JAN,0,Qoryooley
2010,664.45,195.12,353.32,68.55,47.46,FEB,0,Qoryooley
2010,664.45,195.12,353.32,68.55,47.46,MAR,195.12,Qoryooley
2010,664.45,195.12,353.32,68.55,47.46,APR,263.67,Qoryooley
2010,664.45,195.12,353.32,68.55,47.46,MAY,84.38,Qoryooley
2010,664.45,195.12,353.32,68.55,47.46,JUN,5.27,Qoryooley
2010,664.45,195.12,353.32,68.55,47.46,JUL,0,Qoryooley
2010,664.45,195.12,353.32,68.55,47.46,AUG,68.55,Qoryooley
2010,664.45,195.12,353.32,68.55,47.46,SEP,0,Qoryooley
2010,664.45,195.12,353.32,68.55,47.46,OCT,47.46,Qoryooley
2010,664.45,195.12,353.32,68.55,47.46,NOV,0,Qoryooley
2010,664.45,195.12,353.32,68.55,47.46,DEC,0,Qoryooley
2011,880.66,0,158.2,21.09,701.36,JAN,0,Qoryooley
2011,880.66,0,158.2,21.09,701.36,FEB,0,Qoryooley
2011,880.66,0,158.2,21.09,701.36,MAR,0,Qoryooley
2011,880.66,0,158.2,21.09,701.36,APR,126.56,Qoryooley
2011,880.66,0,158.2,21.09,701.36,MAY,31.64,Qoryooley
2011,880.66,0,158.2,21.09,701.36,JUN,0,Qoryooley
2011,880.66,0,158.2,21.09,701.36,JUL,5.27,Qoryooley
2011,880.66,0,158.2,21.09,701.36,AUG,10.55,Qoryooley
2011,880.66,0,158.2,21.09,701.36,SEP,5.27,Qoryooley
2011,880.66,0,158.2,21.09,701.36,OCT,390.23,Qoryooley
2011,880.66,0,158.2,21.09,701.36,NOV,290.04,Qoryooley
2011,880.66,0,158.2,21.09,701.36,DEC,21.09,Qoryooley
2012,574.8,0,384.96,15.82,174.02,JAN,0,Qoryooley
2012,574.8,0,384.96,15.82,174.02,FEB,0,Qoryooley
2012,574.8,0,384.96,15.82,174.02,MAR,0,Qoryooley
2012,574.8,0,384.96,15.82,174.02,APR,226.76,Qoryooley
2012,574.8,0,384.96,15.82,174.02,MAY,79.1,Qoryooley
2012,574.8,0,384.96,15.82,174.02,JUN,79.1,Qoryooley
2012,574.8,0,384.96,15.82,174.02,JUL,5.27,Qoryooley
2012,574.8,0,384.96,15.82,174.02,AUG,10.55,Qoryooley
2012,574.8,0,384.96,15.82,174.02,SEP,0,Qoryooley
2012,574.8,0,384.96,15.82,174.02,OCT,36.91,Qoryooley
2012,574.8,0,384.96,15.82,174.02,NOV,100.2,Qoryooley
2012,574.8,0,384.96,15.82,174.02,DEC,36.91,Qoryooley
2013,785.74,158.2,416.61,26.36,184.57,JAN,0,Qoryooley
2013,785.74,158.2,416.61,26.36,184.57,FEB,0,Qoryooley
2013,785.74,158.2,416.61,26.36,184.57,MAR,158.2,Qoryooley
2013,785.74,158.2,416.61,26.36,184.57,APR,305.86,Qoryooley
2013,785.74,158.2,416.61,26.36,184.57,MAY,100.2,Qoryooley
2013,785.74,158.2,416.61,26.36,184.57,JUN,10.55,Qoryooley
2013,785.74,158.2,416.61,26.36,184.57,JUL,21.09,Qoryooley
2013,785.74,158.2,416.61,26.36,184.57,AUG,5.27,Qoryooley
2013,785.74,158.2,416.61,26.36,184.57,SEP,0,Qoryooley
2013,785.74,158.2,416.61,26.36,184.57,OCT,15.82,Qoryooley
2013,785.74,158.2,416.61,26.36,184.57,NOV,147.66,Qoryooley
2013,785.74,158.2,416.61,26.36,184.57,DEC,21.09,Qoryooley
2014,843.75,31.64,464.06,21.1,326.95,JAN,0,Qoryooley
2014,843.75,31.64,464.06,21.1,326.95,FEB,0,Qoryooley
2014,843.75,31.64,464.06,21.1,326.95,MAR,31.64,Qoryooley
2014,843.75,31.64,464.06,21.1,326.95,APR,168.75,Qoryooley
2014,843.75,31.64,464.06,21.1,326.95,MAY,232.03,Qoryooley
2014,843.75,31.64,464.06,21.1,326.95,JUN,63.28,Qoryooley
2014,843.75,31.64,464.06,21.1,326.95,JUL,0,Qoryooley
2014,843.75,31.64,464.06,21.1,326.95,AUG,10.55,Qoryooley
2014,843.75,31.64,464.06,21.1,326.95,SEP,10.55,Qoryooley
2014,843.75,31.64,464.06,21.1,326.95,OCT,100.2,Qoryooley
2014,843.75,31.64,464.06,21.1,326.95,NOV,174.02,Qoryooley
2014,843.75,31.64,464.06,21.1,326.95,DEC,52.73,Qoryooley
2015,606.45,26.37,226.76,42.19,311.13,JAN,0,Qoryooley
2015,606.45,26.37,226.76,42.19,311.13,FEB,0,Qoryooley
2015,606.45,26.37,226.76,42.19,311.13,MAR,26.37,Qoryooley
2015,606.45,26.37,226.76,42.19,311.13,APR,105.47,Qoryooley
2015,606.45,26.37,226.76,42.19,311.13,MAY,100.2,Qoryooley
2015,606.45,26.37,226.76,42.19,311.13,JUN,21.09,Qoryooley
2015,606.45,26.37,226.76,42.19,311.13,JUL,26.37,Qoryooley
2015,606.45,26.37,226.76,42.19,311.13,AUG,15.82,Qoryooley
2015,606.45,26.37,226.76,42.19,311.13,SEP,0,Qoryooley
2015,606.45,26.37,226.76,42.19,311.13,OCT,79.1,Qoryooley
2015,606.45,26.37,226.76,42.19,311.13,NOV,210.94,Qoryooley
2015,606.45,26.37,226.76,42.19,311.13,DEC,21.09,Qoryooley
2016,326.95,15.82,247.85,0,63.28,JAN,0,Qoryooley
2016,326.95,15.82,247.85,0,63.28,FEB,10.55,Qoryooley
2016,326.95,15.82,247.85,0,63.28,MAR,5.27,Qoryooley
2016,326.95,15.82,247.85,0,63.28,APR,105.47,Qoryooley
2016,326.95,15.82,247.85,0,63.28,MAY,137.11,Qoryooley
2016,326.95,15.82,247.85,0,63.28,JUN,5.27,Qoryooley
2016,326.95,15.82,247.85,0,63.28,JUL,0,Qoryooley
2016,326.95,15.82,247.85,0,63.28,AUG,0,Qoryooley
2016,326.95,15.82,247.85,0,63.28,SEP,0,Qoryooley
2016,326.95,15.82,247.85,0,63.28,OCT,0,Qoryooley
2016,326.95,15.82,247.85,0,63.28,NOV,42.19,Qoryooley
2016,326.95,15.82,247.85,0,63.28,DEC,21.09,Qoryooley
2017,258.4,0,84.37,15.82,158.21,JAN,0,Qoryooley
2017,258.4,0,84.37,15.82,158.21,FEB,0,Qoryooley
2017,258.4,0,84.37,15.82,158.21,MAR,0,Qoryooley
2017,258.4,0,84.37,15.82,158.21,APR,26.37,Qoryooley
2017,258.4,0,84.37,15.82,158.21,MAY,21.09,Qoryooley
2017,258.4,0,84.37,15.82,158.21,JUN,36.91,Qoryooley
2017,258.4,0,84.37,15.82,158.21,JUL,0,Qoryooley
2017,258.4,0,84.37,15.82,158.21,AUG,10.55,Qoryooley
2017,258.4,0,84.37,15.82,158.21,SEP,5.27,Qoryooley
2017,258.4,0,84.37,15.82,158.21,OCT,26.37,Qoryooley
2017,258.4,0,84.37,15.82,158.21,NOV,131.84,Qoryooley
2017,258.4,0,84.37,15.82,158.21,DEC,0,Qoryooley
2018,253.12,10.55,147.66,42.19,52.73,JAN,0,Qoryooley
2018,253.12,10.55,147.66,42.19,52.73,FEB,0,Qoryooley
2018,253.12,10.55,147.66,42.19,52.73,MAR,10.55,Qoryooley
2018,253.12,10.55,147.66,42.19,52.73,APR,137.11,Qoryooley
2018,253.12,10.55,147.66,42.19,52.73,MAY,10.55,Qoryooley
2018,253.12,10.55,147.66,42.19,52.73,JUN,0,Qoryooley
2018,253.12,10.55,147.66,42.19,52.73,JUL,0,Qoryooley
2018,253.12,10.55,147.66,42.19,52.73,AUG,42.19,Qoryooley
2018,253.12,10.55,147.66,42.19,52.73,SEP,0,Qoryooley
2018,253.12,10.55,147.66,42.19,52.73,OCT,26.37,Qoryooley
2018,253.12,10.55,147.66,42.19,52.73,NOV,21.09,Qoryooley
2018,253.12,10.55,147.66,42.19,52.73,DEC,5.27,Qoryooley
2019,485.16,0,158.2,31.64,295.31,JAN,0,Qoryooley
2019,485.16,0,158.2,31.64,295.31,FEB,0,Qoryooley
2019,485.16,0,158.2,31.64,295.31,MAR,0,Qoryooley
2019,485.16,0,158.2,31.64,295.31,APR,15.82,Qoryooley
2019,485.16,0,158.2,31.64,295.31,MAY,79.1,Qoryooley
2019,485.16,0,158.2,31.64,295.31,JUN,63.28,Qoryooley
2019,485.16,0,158.2,31.64,295.31,JUL,15.82,Qoryooley
2019,485.16,0,158.2,31.64,295.31,AUG,0,Qoryooley
2019,485.16,0,158.2,31.64,295.31,SEP,15.82,Qoryooley
2019,485.16,0,158.2,31.64,295.31,OCT,174.02,Qoryooley
2019,485.16,0,158.2,31.64,295.31,NOV,89.65,Qoryooley
2019,485.16,0,158.2,31.64,295.31,DEC,31.64,Qoryooley
2020,696.09,5.27,237.31,342.78,110.74,JAN,0,Qoryooley
2020,696.09,5.27,237.31,342.78,110.74,FEB,0,Qoryooley
2020,696.09,5.27,237.31,342.78,110.74,MAR,5.27,Qoryooley
2020,696.09,5.27,237.31,342.78,110.74,APR,58.01,Qoryooley
2020,696.09,5.27,237.31,342.78,110.74,MAY,100.2,Qoryooley
2020,696.09,5.27,237.31,342.78,110.74,JUN,79.1,Qoryooley
2020,696.09,5.27,237.31,342.78,110.74,JUL,100.2,Qoryooley
2020,696.09,5.27,237.31,342.78,110.74,AUG,89.65,Qoryooley
2020,696.09,5.27,237.31,342.78,110.74,SEP,152.93,Qoryooley
2020,696.09,5.27,237.31,342.78,110.74,OCT,31.64,Qoryooley
2020,696.09,5.27,237.31,342.78,110.74,NOV,73.83,Qoryooley
2020,696.09,5.27,237.31,342.78,110.74,DEC,5.27,Qoryooley
2021,1118.4,26.37,175.81,468.6,447.63,JAN,10.55,Qoryooley
2021,1118.4,26.37,175.81,468.6,447.63,FEB,0,Qoryooley
2021,1118.4,26.37,175.81,468.6,447.63,MAR,15.82,Qoryooley
2021,1118.4,26.37,175.81,468.6,447.63,APR,28.83,Qoryooley
2021,1118.4,26.37,175.81,468.6,447.63,MAY,69.69,Qoryooley
2021,1118.4,26.37,175.81,468.6,447.63,JUN,77.29,Qoryooley
2021,1118.4,26.37,175.81,468.6,447.63,JUL,120.62,Qoryooley
2021,1118.4,26.37,175.81,468.6,447.63,AUG,241.39,Qoryooley
2021,1118.4,26.37,175.81,468.6,447.63,SEP,106.59,Qoryooley
2021,1118.4,26.37,175.81,468.6,447.63,OCT,14.81,Qoryooley
2021,1118.4,26.37,175.81,468.6,447.63,NOV,413.52,Qoryooley
2021,1118.4,26.37,175.81,468.6,447.63,DEC,19.3,Qoryooley
1981,669.73,94.92,469.33,26.37,79.1,JAN,0,Baydhabo
1981,669.73,94.92,469.33,26.37,79.1,FEB,5.27,Baydhabo
1981,669.73,94.92,469.33,26.37,79.1,MAR,89.65,Baydhabo
1981,669.73,94.92,469.33,26.37,79.1,APR,406.05,Baydhabo
1981,669.73,94.92,469.33,26.37,79.1,MAY,63.28,Baydhabo
1981,669.73,94.92,469.33,26.37,79.1,JUN,0,Baydhabo
1981,669.73,94.92,469.33,26.37,79.1,JUL,0,Baydhabo
1981,669.73,94.92,469.33,26.37,79.1,AUG,0,Baydhabo
1981,669.73,94.92,469.33,26.37,79.1,SEP,26.37,Baydhabo
1981,669.73,94.92,469.33,26.37,79.1,OCT,58.01,Baydhabo
1981,669.73,94.92,469.33,26.37,79.1,NOV,5.27,Baydhabo
1981,669.73,94.92,469.33,26.37,79.1,DEC,15.82,Baydhabo
1982,268.95,21.1,89.65,5.27,152.92,JAN,10.55,Baydhabo
1982,268.95,21.1,89.65,5.27,152.92,FEB,10.55,Baydhabo
1982,268.95,21.1,89.65,5.27,152.92,MAR,0,Baydhabo
1982,268.95,21.1,89.65,5.27,152.92,APR,26.37,Baydhabo
1982,268.95,21.1,89.65,5.27,152.92,MAY,63.28,Baydhabo
1982,268.95,21.1,89.65,5.27,152.92,JUN,0,Baydhabo
1982,268.95,21.1,89.65,5.27,152.92,JUL,0,Baydhabo
1982,268.95,21.1,89.65,5.27,152.92,AUG,0,Baydhabo
1982,268.95,21.1,89.65,5.27,152.92,SEP,5.27,Baydhabo
1982,268.95,21.1,89.65,5.27,152.92,OCT,126.56,Baydhabo
1982,268.95,21.1,89.65,5.27,152.92,NOV,21.09,Baydhabo
1982,268.95,21.1,89.65,5.27,152.92,DEC,5.27,Baydhabo
1983,221.48,0,168.75,31.64,21.1,JAN,0,Baydhabo
1983,221.48,0,168.75,31.64,21.1,FEB,0,Baydhabo
1983,221.48,0,168.75,31.64,21.1,MAR,0,Baydhabo
1983,221.48,0,168.75,31.64,21.1,APR,73.83,Baydhabo
1983,221.48,0,168.75,31.64,21.1,MAY,94.92,Baydhabo
1983,221.48,0,168.75,31.64,21.1,JUN,0,Baydhabo
1983,221.48,0,168.75,31.64,21.1,JUL,0,Baydhabo
1983,221.48,0,168.75,31.64,21.1,AUG,5.27,Baydhabo
1983,221.48,0,168.75,31.64,21.1,SEP,26.37,Baydhabo
1983,221.48,0,168.75,31.64,21.1,OCT,10.55,Baydhabo
1983,221.48,0,168.75,31.64,21.1,NOV,10.55,Baydhabo
1983,221.48,0,168.75,31.64,21.1,DEC,0,Baydhabo
1984,226.76,0,79.1,58.01,89.65,JAN,0,Baydhabo
1984,226.76,0,79.1,58.01,89.65,FEB,0,Baydhabo
1984,226.76,0,79.1,58.01,89.65,MAR,0,Baydhabo
1984,226.76,0,79.1,58.01,89.65,APR,26.37,Baydhabo
1984,226.76,0,79.1,58.01,89.65,MAY,52.73,Baydhabo
1984,226.76,0,79.1,58.01,89.65,JUN,0,Baydhabo
1984,226.76,0,79.1,58.01,89.65,JUL,0,Baydhabo
1984,226.76,0,79.1,58.01,89.65,AUG,47.46,Baydhabo
1984,226.76,0,79.1,58.01,89.65,SEP,10.55,Baydhabo
1984,226.76,0,79.1,58.01,89.65,OCT,42.19,Baydhabo
1984,226.76,0,79.1,58.01,89.65,NOV,36.91,Baydhabo
1984,226.76,0,79.1,58.01,89.65,DEC,10.55,Baydhabo
1985,232.03,47.46,147.66,0,36.91,JAN,0,Baydhabo
1985,232.03,47.46,147.66,0,36.91,FEB,0,Baydhabo
1985,232.03,47.46,147.66,0,36.91,MAR,47.46,Baydhabo
1985,232.03,47.46,147.66,0,36.91,APR,100.2,Baydhabo
1985,232.03,47.46,147.66,0,36.91,MAY,47.46,Baydhabo
1985,232.03,47.46,147.66,0,36.91,JUN,0,Baydhabo
1985,232.03,47.46,147.66,0,36.91,JUL,0,Baydhabo
1985,232.03,47.46,147.66,0,36.91,AUG,0,Baydhabo
1985,232.03,47.46,147.66,0,36.91,SEP,0,Baydhabo
1985,232.03,47.46,147.66,0,36.91,OCT,36.91,Baydhabo
1985,232.03,47.46,147.66,0,36.91,NOV,0,Baydhabo
1985,232.03,47.46,147.66,0,36.91,DEC,0,Baydhabo
1986,332.23,0,131.83,36.91,168.74,JAN,0,Baydhabo
1986,332.23,0,131.83,36.91,168.74,FEB,0,Baydhabo
1986,332.23,0,131.83,36.91,168.74,MAR,0,Baydhabo
1986,332.23,0,131.83,36.91,168.74,APR,110.74,Baydhabo
1986,332.23,0,131.83,36.91,168.74,MAY,15.82,Baydhabo
1986,332.23,0,131.83,36.91,168.74,JUN,5.27,Baydhabo
1986,332.23,0,131.83,36.91,168.74,JUL,0,Baydhabo
1986,332.23,0,131.83,36.91,168.74,AUG,15.82,Baydhabo
1986,332.23,0,131.83,36.91,168.74,SEP,15.82,Baydhabo
1986,332.23,0,131.83,36.91,168.74,OCT,110.74,Baydhabo
1986,332.23,0,131.83,36.91,168.74,NOV,36.91,Baydhabo
1986,332.23,0,131.83,36.91,168.74,DEC,21.09,Baydhabo
1987,553.71,26.37,247.85,10.55,116.01,JAN,0,Baydhabo
1987,553.71,26.37,247.85,10.55,116.01,FEB,0,Baydhabo
1987,553.71,26.37,247.85,10.55,116.01,MAR,26.37,Baydhabo
1987,553.71,26.37,247.85,10.55,116.01,APR,47.46,Baydhabo
1987,553.71,26.37,247.85,10.55,116.01,MAY,189.84,Baydhabo
1987,553.71,26.37,247.85,10.55,116.01,JUN,10.55,Baydhabo
1987,553.71,26.37,247.85,10.55,116.01,JUL,163.48,Baydhabo
1987,553.71,26.37,247.85,10.55,116.01,AUG,0,Baydhabo
1987,553.71,26.37,247.85,10.55,116.01,SEP,0,Baydhabo
1987,553.71,26.37,247.85,10.55,116.01,OCT,47.46,Baydhabo
1987,553.71,26.37,247.85,10.55,116.01,NOV,68.55,Baydhabo
1987,553.71,26.37,247.85,10.55,116.01,DEC,0,Baydhabo
1988,268.95,10.55,152.92,42.19,63.28,JAN,0,Baydhabo
1988,268.95,10.55,152.92,42.19,63.28,FEB,0,Baydhabo
1988,268.95,10.55,152.92,42.19,63.28,MAR,10.55,Baydhabo
1988,268.95,10.55,152.92,42.19,63.28,APR,110.74,Baydhabo
1988,268.95,10.55,152.92,42.19,63.28,MAY,36.91,Baydhabo
1988,268.95,10.55,152.92,42.19,63.28,JUN,5.27,Baydhabo
1988,268.95,10.55,152.92,42.19,63.28,JUL,5.27,Baydhabo
1988,268.95,10.55,152.92,42.19,63.28,AUG,10.55,Baydhabo
1988,268.95,10.55,152.92,42.19,63.28,SEP,26.37,Baydhabo
1988,268.95,10.55,152.92,42.19,63.28,OCT,47.46,Baydhabo
1988,268.95,10.55,152.92,42.19,63.28,NOV,10.55,Baydhabo
1988,268.95,10.55,152.92,42.19,63.28,DEC,5.27,Baydhabo
1989,474.61,21.09,284.76,10.55,158.21,JAN,0,Baydhabo
1989,474.61,21.09,284.76,10.55,158.21,FEB,0,Baydhabo
1989,474.61,21.09,284.76,10.55,158.21,MAR,21.09,Baydhabo
1989,474.61,21.09,284.76,10.55,158.21,APR,158.2,Baydhabo
1989,474.61,21.09,284.76,10.55,158.21,MAY,126.56,Baydhabo
1989,474.61,21.09,284.76,10.55,158.21,JUN,0,Baydhabo
1989,474.61,21.09,284.76,10.55,158.21,JUL,0,Baydhabo
1989,474.61,21.09,284.76,10.55,158.21,AUG,0,Baydhabo
1989,474.61,21.09,284.76,10.55,158.21,SEP,10.55,Baydhabo
1989,474.61,21.09,284.76,10.55,158.21,OCT,116.02,Baydhabo
1989,474.61,21.09,284.76,10.55,158.21,NOV,31.64,Baydhabo
1989,474.61,21.09,284.76,10.55,158.21,DEC,10.55,Baydhabo
1990,606.45,31.64,305.86,10.54,258.4,JAN,0,Baydhabo
1990,606.45,31.64,305.86,10.54,258.4,FEB,0,Baydhabo
1990,606.45,31.64,305.86,10.54,258.4,MAR,31.64,Baydhabo
1990,606.45,31.64,305.86,10.54,258.4,APR,290.04,Baydhabo
1990,606.45,31.64,305.86,10.54,258.4,MAY,15.82,Baydhabo
1990,606.45,31.64,305.86,10.54,258.4,JUN,0,Baydhabo
1990,606.45,31.64,305.86,10.54,258.4,JUL,0,Baydhabo
1990,606.45,31.64,305.86,10.54,258.4,AUG,5.27,Baydhabo
1990,606.45,31.64,305.86,10.54,258.4,SEP,5.27,Baydhabo
1990,606.45,31.64,305.86,10.54,258.4,OCT,142.38,Baydhabo
1990,606.45,31.64,305.86,10.54,258.4,NOV,58.01,Baydhabo
1990,606.45,31.64,305.86,10.54,258.4,DEC,58.01,Baydhabo
1991,369.14,36.91,200.39,10.54,110.74,JAN,5.27,Baydhabo
1991,369.14,36.91,200.39,10.54,110.74,FEB,0,Baydhabo
1991,369.14,36.91,200.39,10.54,110.74,MAR,31.64,Baydhabo
1991,369.14,36.91,200.39,10.54,110.74,APR,126.56,Baydhabo
1991,369.14,36.91,200.39,10.54,110.74,MAY,73.83,Baydhabo
1991,369.14,36.91,200.39,10.54,110.74,JUN,0,Baydhabo
1991,369.14,36.91,200.39,10.54,110.74,JUL,10.55,Baydhabo
1991,369.14,36.91,200.39,10.54,110.74,AUG,5.27,Baydhabo
1991,369.14,36.91,200.39,10.54,110.74,SEP,5.27,Baydhabo
1991,369.14,36.91,200.39,10.54,110.74,OCT,42.19,Baydhabo
1991,369.14,36.91,200.39,10.54,110.74,NOV,21.09,Baydhabo
1991,369.14,36.91,200.39,10.54,110.74,DEC,47.46,Baydhabo
1992,400.78,5.27,147.66,26.36,221.49,JAN,0,Baydhabo
1992,400.78,5.27,147.66,26.36,221.49,FEB,0,Baydhabo
1992,400.78,5.27,147.66,26.36,221.49,MAR,5.27,Baydhabo
1992,400.78,5.27,147.66,26.36,221.49,APR,105.47,Baydhabo
1992,400.78,5.27,147.66,26.36,221.49,MAY,42.19,Baydhabo
1992,400.78,5.27,147.66,26.36,221.49,JUN,0,Baydhabo
1992,400.78,5.27,147.66,26.36,221.49,JUL,0,Baydhabo
1992,400.78,5.27,147.66,26.36,221.49,AUG,5.27,Baydhabo
1992,400.78,5.27,147.66,26.36,221.49,SEP,21.09,Baydhabo
1992,400.78,5.27,147.66,26.36,221.49,OCT,42.19,Baydhabo
1992,400.78,5.27,147.66,26.36,221.49,NOV,84.38,Baydhabo
1992,400.78,5.27,147.66,26.36,221.49,DEC,94.92,Baydhabo
1993,622.27,42.18,453.52,0,126.56,JAN,36.91,Baydhabo
1993,622.27,42.18,453.52,0,126.56,FEB,0,Baydhabo
1993,622.27,42.18,453.52,0,126.56,MAR,5.27,Baydhabo
1993,622.27,42.18,453.52,0,126.56,APR,137.11,Baydhabo
1993,622.27,42.18,453.52,0,126.56,MAY,316.41,Baydhabo
1993,622.27,42.18,453.52,0,126.56,JUN,0,Baydhabo
1993,622.27,42.18,453.52,0,126.56,JUL,0,Baydhabo
1993,622.27,42.18,453.52,0,126.56,AUG,0,Baydhabo
1993,622.27,42.18,453.52,0,126.56,SEP,0,Baydhabo
1993,622.27,42.18,453.52,0,126.56,OCT,73.83,Baydhabo
1993,622.27,42.18,453.52,0,126.56,NOV,52.73,Baydhabo
1993,622.27,42.18,453.52,0,126.56,DEC,0,Baydhabo
1994,738.28,5.27,290.04,15.82,416.61,JAN,0,Baydhabo
1994,738.28,5.27,290.04,15.82,416.61,FEB,0,Baydhabo
1994,738.28,5.27,290.04,15.82,416.61,MAR,5.27,Baydhabo
1994,738.28,5.27,290.04,15.82,416.61,APR,147.66,Baydhabo
1994,738.28,5.27,290.04,15.82,416.61,MAY,142.38,Baydhabo
1994,738.28,5.27,290.04,15.82,416.61,JUN,0,Baydhabo
1994,738.28,5.27,290.04,15.82,416.61,JUL,10.55,Baydhabo
1994,738.28,5.27,290.04,15.82,416.61,AUG,5.27,Baydhabo
1994,738.28,5.27,290.04,15.82,416.61,SEP,10.55,Baydhabo
1994,738.28,5.27,290.04,15.82,416.61,OCT,179.3,Baydhabo
1994,738.28,5.27,290.04,15.82,416.61,NOV,226.76,Baydhabo
1994,738.28,5.27,290.04,15.82,416.61,DEC,10.55,Baydhabo
1995,469.34,63.28,232.03,15.82,174.03,JAN,0,Baydhabo
1995,469.34,63.28,232.03,15.82,174.03,FEB,5.27,Baydhabo
1995,469.34,63.28,232.03,15.82,174.03,MAR,58.01,Baydhabo
1995,469.34,63.28,232.03,15.82,174.03,APR,210.94,Baydhabo
1995,469.34,63.28,232.03,15.82,174.03,MAY,5.27,Baydhabo
1995,469.34,63.28,232.03,15.82,174.03,JUN,15.82,Baydhabo
1995,469.34,63.28,232.03,15.82,174.03,JUL,0,Baydhabo
1995,469.34,63.28,232.03,15.82,174.03,AUG,0,Baydhabo
1995,469.34,63.28,232.03,15.82,174.03,SEP,0,Baydhabo
1995,469.34,63.28,232.03,15.82,174.03,OCT,89.65,Baydhabo
1995,469.34,63.28,232.03,15.82,174.03,NOV,73.83,Baydhabo
1995,469.34,63.28,232.03,15.82,174.03,DEC,10.55,Baydhabo
1996,284.77,42.19,195.12,0,47.46,JAN,0,Baydhabo
1996,284.77,42.19,195.12,0,47.46,FEB,0,Baydhabo
1996,284.77,42.19,195.12,0,47.46,MAR,42.19,Baydhabo
1996,284.77,42.19,195.12,0,47.46,APR,147.66,Baydhabo
1996,284.77,42.19,195.12,0,47.46,MAY,47.46,Baydhabo
1996,284.77,42.19,195.12,0,47.46,JUN,0,Baydhabo
1996,284.77,42.19,195.12,0,47.46,JUL,0,Baydhabo
1996,284.77,42.19,195.12,0,47.46,AUG,0,Baydhabo
1996,284.77,42.19,195.12,0,47.46,SEP,0,Baydhabo
1996,284.77,42.19,195.12,0,47.46,OCT,0,Baydhabo
1996,284.77,42.19,195.12,0,47.46,NOV,42.19,Baydhabo
1996,284.77,42.19,195.12,0,47.46,DEC,5.27,Baydhabo
1997,1302.54,21.09,284.76,21.09,975.59,JAN,0,Baydhabo
1997,1302.54,21.09,284.76,21.09,975.59,FEB,0,Baydhabo
1997,1302.54,21.09,284.76,21.09,975.59,MAR,21.09,Baydhabo
1997,1302.54,21.09,284.76,21.09,975.59,APR,216.21,Baydhabo
1997,1302.54,21.09,284.76,21.09,975.59,MAY,68.55,Baydhabo
1997,1302.54,21.09,284.76,21.09,975.59,JUN,0,Baydhabo
1997,1302.54,21.09,284.76,21.09,975.59,JUL,0,Baydhabo
1997,1302.54,21.09,284.76,21.09,975.59,AUG,0,Baydhabo
1997,1302.54,21.09,284.76,21.09,975.59,SEP,21.09,Baydhabo
1997,1302.54,21.09,284.76,21.09,975.59,OCT,659.18,Baydhabo
1997,1302.54,21.09,284.76,21.09,975.59,NOV,242.58,Baydhabo
1997,1302.54,21.09,284.76,21.09,975.59,DEC,73.83,Baydhabo
1998,337.5,36.91,232.03,21.09,47.46,JAN,21.09,Baydhabo
1998,337.5,36.91,232.03,21.09,47.46,FEB,15.82,Baydhabo
1998,337.5,36.91,232.03,21.09,47.46,MAR,0,Baydhabo
1998,337.5,36.91,232.03,21.09,47.46,APR,89.65,Baydhabo
1998,337.5,36.91,232.03,21.09,47.46,MAY,142.38,Baydhabo
1998,337.5,36.91,232.03,21.09,47.46,JUN,0,Baydhabo
1998,337.5,36.91,232.03,21.09,47.46,JUL,0,Baydhabo
1998,337.5,36.91,232.03,21.09,47.46,AUG,0,Baydhabo
1998,337.5,36.91,232.03,21.09,47.46,SEP,21.09,Baydhabo
1998,337.5,36.91,232.03,21.09,47.46,OCT,26.37,Baydhabo
1998,337.5,36.91,232.03,21.09,47.46,NOV,21.09,Baydhabo
1998,337.5,36.91,232.03,21.09,47.46,DEC,0,Baydhabo
1999,432.42,84.38,163.47,5.27,179.3,JAN,0,Baydhabo
1999,432.42,84.38,163.47,5.27,179.3,FEB,0,Baydhabo
1999,432.42,84.38,163.47,5.27,179.3,MAR,84.38,Baydhabo
1999,432.42,84.38,163.47,5.27,179.3,APR,110.74,Baydhabo
1999,432.42,84.38,163.47,5.27,179.3,MAY,52.73,Baydhabo
1999,432.42,84.38,163.47,5.27,179.3,JUN,0,Baydhabo
1999,432.42,84.38,163.47,5.27,179.3,JUL,0,Baydhabo
1999,432.42,84.38,163.47,5.27,179.3,AUG,0,Baydhabo
1999,432.42,84.38,163.47,5.27,179.3,SEP,5.27,Baydhabo
1999,432.42,84.38,163.47,5.27,179.3,OCT,94.92,Baydhabo
1999,432.42,84.38,163.47,5.27,179.3,NOV,84.38,Baydhabo
1999,432.42,84.38,163.47,5.27,179.3,DEC,0,Baydhabo
2000,585.35,0,221.48,21.09,342.77,JAN,0,Baydhabo
2000,585.35,0,221.48,21.09,342.77,FEB,0,Baydhabo
2000,585.35,0,221.48,21.09,342.77,MAR,0,Baydhabo
2000,585.35,0,221.48,21.09,342.77,APR,47.46,Baydhabo
2000,585.35,0,221.48,21.09,342.77,MAY,174.02,Baydhabo
2000,585.35,0,221.48,21.09,342.77,JUN,0,Baydhabo
2000,585.35,0,221.48,21.09,342.77,JUL,0,Baydhabo
2000,585.35,0,221.48,21.09,342.77,AUG,0,Baydhabo
2000,585.35,0,221.48,21.09,342.77,SEP,21.09,Baydhabo
2000,585.35,0,221.48,21.09,342.77,OCT,305.86,Baydhabo
2000,585.35,0,221.48,21.09,342.77,NOV,36.91,Baydhabo
2000,585.35,0,221.48,21.09,342.77,DEC,0,Baydhabo
2001,216.21,0,100.2,42.18,73.83,JAN,0,Baydhabo
2001,216.21,0,100.2,42.18,73.83,FEB,0,Baydhabo
2001,216.21,0,100.2,42.18,73.83,MAR,0,Baydhabo
2001,216.21,0,100.2,42.18,73.83,APR,100.2,Baydhabo
2001,216.21,0,100.2,42.18,73.83,MAY,0,Baydhabo
2001,216.21,0,100.2,42.18,73.83,JUN,0,Baydhabo
2001,216.21,0,100.2,42.18,73.83,JUL,0,Baydhabo
2001,216.21,0,100.2,42.18,73.83,AUG,21.09,Baydhabo
2001,216.21,0,100.2,42.18,73.83,SEP,21.09,Baydhabo
2001,216.21,0,100.2,42.18,73.83,OCT,63.28,Baydhabo
2001,216.21,0,100.2,42.18,73.83,NOV,10.55,Baydhabo
2001,216.21,0,100.2,42.18,73.83,DEC,0,Baydhabo
2002,522.07,15.82,184.57,15.82,305.86,JAN,0,Baydhabo
2002,522.07,15.82,184.57,15.82,305.86,FEB,0,Baydhabo
2002,522.07,15.82,184.57,15.82,305.86,MAR,15.82,Baydhabo
2002,522.07,15.82,184.57,15.82,305.86,APR,179.3,Baydhabo
2002,522.07,15.82,184.57,15.82,305.86,MAY,5.27,Baydhabo
2002,522.07,15.82,184.57,15.82,305.86,JUN,0,Baydhabo
2002,522.07,15.82,184.57,15.82,305.86,JUL,0,Baydhabo
2002,522.07,15.82,184.57,15.82,305.86,AUG,0,Baydhabo
2002,522.07,15.82,184.57,15.82,305.86,SEP,15.82,Baydhabo
2002,522.07,15.82,184.57,15.82,305.86,OCT,163.48,Baydhabo
2002,522.07,15.82,184.57,15.82,305.86,NOV,105.47,Baydhabo
2002,522.07,15.82,184.57,15.82,305.86,DEC,36.91,Baydhabo
2003,569.53,5.27,316.41,68.55,179.3,JAN,0,Baydhabo
2003,569.53,5.27,316.41,68.55,179.3,FEB,0,Baydhabo
2003,569.53,5.27,316.41,68.55,179.3,MAR,5.27,Baydhabo
2003,569.53,5.27,316.41,68.55,179.3,APR,258.4,Baydhabo
2003,569.53,5.27,316.41,68.55,179.3,MAY,58.01,Baydhabo
2003,569.53,5.27,316.41,68.55,179.3,JUN,0,Baydhabo
2003,569.53,5.27,316.41,68.55,179.3,JUL,0,Baydhabo
2003,569.53,5.27,316.41,68.55,179.3,AUG,36.91,Baydhabo
2003,569.53,5.27,316.41,68.55,179.3,SEP,31.64,Baydhabo
2003,569.53,5.27,316.41,68.55,179.3,OCT,0,Baydhabo
2003,569.53,5.27,316.41,68.55,179.3,NOV,94.92,Baydhabo
2003,569.53,5.27,316.41,68.55,179.3,DEC,84.38,Baydhabo
2004,432.42,5.27,116.01,26.36,300.59,JAN,0,Baydhabo
2004,432.42,5.27,116.01,26.36,300.59,FEB,0,Baydhabo
2004,432.42,5.27,116.01,26.36,300.59,MAR,5.27,Baydhabo
2004,432.42,5.27,116.01,26.36,300.59,APR,89.65,Baydhabo
2004,432.42,5.27,116.01,26.36,300.59,MAY,5.27,Baydhabo
2004,432.42,5.27,116.01,26.36,300.59,JUN,21.09,Baydhabo
2004,432.42,5.27,116.01,26.36,300.59,JUL,5.27,Baydhabo
2004,432.42,5.27,116.01,26.36,300.59,AUG,0,Baydhabo
2004,432.42,5.27,116.01,26.36,300.59,SEP,5.27,Baydhabo
2004,432.42,5.27,116.01,26.36,300.59,OCT,163.48,Baydhabo
2004,432.42,5.27,116.01,26.36,300.59,NOV,121.29,Baydhabo
2004,432.42,5.27,116.01,26.36,300.59,DEC,15.82,Baydhabo
2005,232.03,26.37,147.65,0,58.01,JAN,0,Baydhabo
2005,232.03,26.37,147.65,0,58.01,FEB,0,Baydhabo
2005,232.03,26.37,147.65,0,58.01,MAR,26.37,Baydhabo
2005,232.03,26.37,147.65,0,58.01,APR,79.1,Baydhabo
2005,232.03,26.37,147.65,0,58.01,MAY,68.55,Baydhabo
2005,232.03,26.37,147.65,0,58.01,JUN,0,Baydhabo
2005,232.03,26.37,147.65,0,58.01,JUL,0,Baydhabo
2005,232.03,26.37,147.65,0,58.01,AUG,0,Baydhabo
2005,232.03,26.37,147.65,0,58.01,SEP,0,Baydhabo
2005,232.03,26.37,147.65,0,58.01,OCT,15.82,Baydhabo
2005,232.03,26.37,147.65,0,58.01,NOV,42.19,Baydhabo
2005,232.03,26.37,147.65,0,58.01,DEC,0,Baydhabo
2006,711.91,10.54,195.11,58.01,442.97,JAN,5.27,Baydhabo
2006,711.91,10.54,195.11,58.01,442.97,FEB,5.27,Baydhabo
2006,711.91,10.54,195.11,58.01,442.97,MAR,0,Baydhabo
2006,711.91,10.54,195.11,58.01,442.97,APR,158.2,Baydhabo
2006,711.91,10.54,195.11,58.01,442.97,MAY,36.91,Baydhabo
2006,711.91,10.54,195.11,58.01,442.97,JUN,0,Baydhabo
2006,711.91,10.54,195.11,58.01,442.97,JUL,5.27,Baydhabo
2006,711.91,10.54,195.11,58.01,442.97,AUG,26.37,Baydhabo
2006,711.91,10.54,195.11,58.01,442.97,SEP,31.64,Baydhabo
2006,711.91,10.54,195.11,58.01,442.97,OCT,284.77,Baydhabo
2006,711.91,10.54,195.11,58.01,442.97,NOV,126.56,Baydhabo
2006,711.91,10.54,195.11,58.01,442.97,DEC,31.64,Baydhabo
2007,395.51,5.27,137.11,26.37,237.31,JAN,0,Baydhabo
2007,395.51,5.27,137.11,26.37,237.31,FEB,0,Baydhabo
2007,395.51,5.27,137.11,26.37,237.31,MAR,5.27,Baydhabo
2007,395.51,5.27,137.11,26.37,237.31,APR,89.65,Baydhabo
2007,395.51,5.27,137.11,26.37,237.31,MAY,36.91,Baydhabo
2007,395.51,5.27,137.11,26.37,237.31,JUN,10.55,Baydhabo
2007,395.51,5.27,137.11,26.37,237.31,JUL,0,Baydhabo
2007,395.51,5.27,137.11,26.37,237.31,AUG,0,Baydhabo
2007,395.51,5.27,137.11,26.37,237.31,SEP,15.82,Baydhabo
2007,395.51,5.27,137.11,26.37,237.31,OCT,137.11,Baydhabo
2007,395.51,5.27,137.11,26.37,237.31,NOV,100.2,Baydhabo
2007,395.51,5.27,137.11,26.37,237.31,DEC,0,Baydhabo
2008,543.16,26.37,189.84,21.1,305.86,JAN,26.37,Baydhabo
2008,543.16,26.37,189.84,21.1,305.86,FEB,0,Baydhabo
2008,543.16,26.37,189.84,21.1,305.86,MAR,0,Baydhabo
2008,543.16,26.37,189.84,21.1,305.86,APR,174.02,Baydhabo
2008,543.16,26.37,189.84,21.1,305.86,MAY,5.27,Baydhabo
2008,543.16,26.37,189.84,21.1,305.86,JUN,10.55,Baydhabo
2008,543.16,26.37,189.84,21.1,305.86,JUL,10.55,Baydhabo
2008,543.16,26.37,189.84,21.1,305.86,AUG,0,Baydhabo
2008,543.16,26.37,189.84,21.1,305.86,SEP,10.55,Baydhabo
2008,543.16,26.37,189.84,21.1,305.86,OCT,137.11,Baydhabo
2008,543.16,26.37,189.84,21.1,305.86,NOV,168.75,Baydhabo
2008,543.16,26.37,189.84,21.1,305.86,DEC,0,Baydhabo
2009,495.7,15.81,152.93,5.27,321.69,JAN,5.27,Baydhabo
2009,495.7,15.81,152.93,5.27,321.69,FEB,5.27,Baydhabo
2009,495.7,15.81,152.93,5.27,321.69,MAR,5.27,Baydhabo
2009,495.7,15.81,152.93,5.27,321.69,APR,121.29,Baydhabo
2009,495.7,15.81,152.93,5.27,321.69,MAY,31.64,Baydhabo
2009,495.7,15.81,152.93,5.27,321.69,JUN,0,Baydhabo
2009,495.7,15.81,152.93,5.27,321.69,JUL,0,Baydhabo
2009,495.7,15.81,152.93,5.27,321.69,AUG,0,Baydhabo
2009,495.7,15.81,152.93,5.27,321.69,SEP,5.27,Baydhabo
2009,495.7,15.81,152.93,5.27,321.69,OCT,268.95,Baydhabo
2009,495.7,15.81,152.93,5.27,321.69,NOV,42.19,Baydhabo
2009,495.7,15.81,152.93,5.27,321.69,DEC,10.55,Baydhabo
2010,485.16,126.57,263.66,73.82,42.19,JAN,0,Baydhabo
2010,485.16,126.57,263.66,73.82,42.19,FEB,10.55,Baydhabo
2010,485.16,126.57,263.66,73.82,42.19,MAR,116.02,Baydhabo
2010,485.16,126.57,263.66,73.82,42.19,APR,221.48,Baydhabo
2010,485.16,126.57,263.66,73.82,42.19,MAY,21.09,Baydhabo
2010,485.16,126.57,263.66,73.82,42.19,JUN,21.09,Baydhabo
2010,485.16,126.57,263.66,73.82,42.19,JUL,0,Baydhabo
2010,485.16,126.57,263.66,73.82,42.19,AUG,47.46,Baydhabo
2010,485.16,126.57,263.66,73.82,42.19,SEP,5.27,Baydhabo
2010,485.16,126.57,263.66,73.82,42.19,OCT,42.19,Baydhabo
2010,485.16,126.57,263.66,73.82,42.19,NOV,0,Baydhabo
2010,485.16,126.57,263.66,73.82,42.19,DEC,0,Baydhabo
2011,822.66,0,195.11,0,627.54,JAN,0,Baydhabo
2011,822.66,0,195.11,0,627.54,FEB,0,Baydhabo
2011,822.66,0,195.11,0,627.54,MAR,0,Baydhabo
2011,822.66,0,195.11,0,627.54,APR,142.38,Baydhabo
2011,822.66,0,195.11,0,627.54,MAY,52.73,Baydhabo
2011,822.66,0,195.11,0,627.54,JUN,0,Baydhabo
2011,822.66,0,195.11,0,627.54,JUL,0,Baydhabo
2011,822.66,0,195.11,0,627.54,AUG,0,Baydhabo
2011,822.66,0,195.11,0,627.54,SEP,0,Baydhabo
2011,822.66,0,195.11,0,627.54,OCT,332.23,Baydhabo
2011,822.66,0,195.11,0,627.54,NOV,290.04,Baydhabo
2011,822.66,0,195.11,0,627.54,DEC,5.27,Baydhabo
2012,743.55,0,411.33,168.75,184.58,JAN,0,Baydhabo
2012,743.55,0,411.33,168.75,184.58,FEB,0,Baydhabo
2012,743.55,0,411.33,168.75,184.58,MAR,0,Baydhabo
2012,743.55,0,411.33,168.75,184.58,APR,305.86,Baydhabo
2012,743.55,0,411.33,168.75,184.58,MAY,79.1,Baydhabo
2012,743.55,0,411.33,168.75,184.58,JUN,26.37,Baydhabo
2012,743.55,0,411.33,168.75,184.58,JUL,5.27,Baydhabo
2012,743.55,0,411.33,168.75,184.58,AUG,105.47,Baydhabo
2012,743.55,0,411.33,168.75,184.58,SEP,36.91,Baydhabo
2012,743.55,0,411.33,168.75,184.58,OCT,89.65,Baydhabo
2012,743.55,0,411.33,168.75,184.58,NOV,84.38,Baydhabo
2012,743.55,0,411.33,168.75,184.58,DEC,10.55,Baydhabo
2013,838.48,131.84,363.87,5.27,337.5,JAN,0,Baydhabo
2013,838.48,131.84,363.87,5.27,337.5,FEB,0,Baydhabo
2013,838.48,131.84,363.87,5.27,337.5,MAR,131.84,Baydhabo
2013,838.48,131.84,363.87,5.27,337.5,APR,321.68,Baydhabo
2013,838.48,131.84,363.87,5.27,337.5,MAY,42.19,Baydhabo
2013,838.48,131.84,363.87,5.27,337.5,JUN,0,Baydhabo
2013,838.48,131.84,363.87,5.27,337.5,JUL,0,Baydhabo
2013,838.48,131.84,363.87,5.27,337.5,AUG,0,Baydhabo
2013,838.48,131.84,363.87,5.27,337.5,SEP,5.27,Baydhabo
2013,838.48,131.84,363.87,5.27,337.5,OCT,63.28,Baydhabo
2013,838.48,131.84,363.87,5.27,337.5,NOV,263.67,Baydhabo
2013,838.48,131.84,363.87,5.27,337.5,DEC,10.55,Baydhabo
2014,627.54,15.82,263.67,15.82,332.23,JAN,0,Baydhabo
2014,627.54,15.82,263.67,15.82,332.23,FEB,0,Baydhabo
2014,627.54,15.82,263.67,15.82,332.23,MAR,15.82,Baydhabo
2014,627.54,15.82,263.67,15.82,332.23,APR,152.93,Baydhabo
2014,627.54,15.82,263.67,15.82,332.23,MAY,110.74,Baydhabo
2014,627.54,15.82,263.67,15.82,332.23,JUN,0,Baydhabo
2014,627.54,15.82,263.67,15.82,332.23,JUL,0,Baydhabo
2014,627.54,15.82,263.67,15.82,332.23,AUG,0,Baydhabo
2014,627.54,15.82,263.67,15.82,332.23,SEP,15.82,Baydhabo
2014,627.54,15.82,263.67,15.82,332.23,OCT,184.57,Baydhabo
2014,627.54,15.82,263.67,15.82,332.23,NOV,121.29,Baydhabo
2014,627.54,15.82,263.67,15.82,332.23,DEC,26.37,Baydhabo
2015,891.21,26.37,268.95,79.1,516.79,JAN,0,Baydhabo
2015,891.21,26.37,268.95,79.1,516.79,FEB,0,Baydhabo
2015,891.21,26.37,268.95,79.1,516.79,MAR,26.37,Baydhabo
2015,891.21,26.37,268.95,79.1,516.79,APR,179.3,Baydhabo
2015,891.21,26.37,268.95,79.1,516.79,MAY,79.1,Baydhabo
2015,891.21,26.37,268.95,79.1,516.79,JUN,10.55,Baydhabo
2015,891.21,26.37,268.95,79.1,516.79,JUL,10.55,Baydhabo
2015,891.21,26.37,268.95,79.1,516.79,AUG,52.73,Baydhabo
2015,891.21,26.37,268.95,79.1,516.79,SEP,15.82,Baydhabo
2015,891.21,26.37,268.95,79.1,516.79,OCT,205.66,Baydhabo
2015,891.21,26.37,268.95,79.1,516.79,NOV,274.22,Baydhabo
2015,891.21,26.37,268.95,79.1,516.79,DEC,36.91,Baydhabo
2016,274.22,15.82,210.94,5.27,47.46,JAN,0,Baydhabo
2016,274.22,15.82,210.94,5.27,47.46,FEB,5.27,Baydhabo
2016,274.22,15.82,210.94,5.27,47.46,MAR,10.55,Baydhabo
2016,274.22,15.82,210.94,5.27,47.46,APR,147.66,Baydhabo
2016,274.22,15.82,210.94,5.27,47.46,MAY,58.01,Baydhabo
2016,274.22,15.82,210.94,5.27,47.46,JUN,5.27,Baydhabo
2016,274.22,15.82,210.94,5.27,47.46,JUL,0,Baydhabo
2016,274.22,15.82,210.94,5.27,47.46,AUG,0,Baydhabo
2016,274.22,15.82,210.94,5.27,47.46,SEP,0,Baydhabo
2016,274.22,15.82,210.94,5.27,47.46,OCT,15.82,Baydhabo
2016,274.22,15.82,210.94,5.27,47.46,NOV,21.09,Baydhabo
2016,274.22,15.82,210.94,5.27,47.46,DEC,10.55,Baydhabo
2017,437.7,15.82,152.93,21.09,258.4,JAN,0,Baydhabo
2017,437.7,15.82,152.93,21.09,258.4,FEB,0,Baydhabo
2017,437.7,15.82,152.93,21.09,258.4,MAR,15.82,Baydhabo
2017,437.7,15.82,152.93,21.09,258.4,APR,89.65,Baydhabo
2017,437.7,15.82,152.93,21.09,258.4,MAY,52.73,Baydhabo
2017,437.7,15.82,152.93,21.09,258.4,JUN,10.55,Baydhabo
2017,437.7,15.82,152.93,21.09,258.4,JUL,0,Baydhabo
2017,437.7,15.82,152.93,21.09,258.4,AUG,5.27,Baydhabo
2017,437.7,15.82,152.93,21.09,258.4,SEP,5.27,Baydhabo
2017,437.7,15.82,152.93,21.09,258.4,OCT,100.2,Baydhabo
2017,437.7,15.82,152.93,21.09,258.4,NOV,158.2,Baydhabo
2017,437.7,15.82,152.93,21.09,258.4,DEC,0,Baydhabo
2018,416.6,15.82,232.03,31.64,137.11,JAN,0,Baydhabo
2018,416.6,15.82,232.03,31.64,137.11,FEB,0,Baydhabo
2018,416.6,15.82,232.03,31.64,137.11,MAR,15.82,Baydhabo
2018,416.6,15.82,232.03,31.64,137.11,APR,195.12,Baydhabo
2018,416.6,15.82,232.03,31.64,137.11,MAY,36.91,Baydhabo
2018,416.6,15.82,232.03,31.64,137.11,JUN,0,Baydhabo
2018,416.6,15.82,232.03,31.64,137.11,JUL,0,Baydhabo
2018,416.6,15.82,232.03,31.64,137.11,AUG,10.55,Baydhabo
2018,416.6,15.82,232.03,31.64,137.11,SEP,21.09,Baydhabo
2018,416.6,15.82,232.03,31.64,137.11,OCT,73.83,Baydhabo
2018,416.6,15.82,232.03,31.64,137.11,NOV,52.73,Baydhabo
2018,416.6,15.82,232.03,31.64,137.11,DEC,10.55,Baydhabo
2019,537.89,0,174.03,52.74,348.04,JAN,0,Baydhabo
2019,537.89,0,174.03,52.74,348.04,FEB,0,Baydhabo
2019,537.89,0,174.03,52.74,348.04,MAR,0,Baydhabo
2019,537.89,0,174.03,52.74,348.04,APR,42.19,Baydhabo
2019,537.89,0,174.03,52.74,348.04,MAY,89.65,Baydhabo
2019,537.89,0,174.03,52.74,348.04,JUN,42.19,Baydhabo
2019,537.89,0,174.03,52.74,348.04,JUL,5.27,Baydhabo
2019,537.89,0,174.03,52.74,348.04,AUG,0,Baydhabo
2019,537.89,0,174.03,52.74,348.04,SEP,10.55,Baydhabo
2019,537.89,0,174.03,52.74,348.04,OCT,253.12,Baydhabo
2019,537.89,0,174.03,52.74,348.04,NOV,68.55,Baydhabo
2019,537.89,0,174.03,52.74,348.04,DEC,26.37,Baydhabo
2020,733.01,26.37,316.41,116.02,268.95,JAN,0,Baydhabo
2020,733.01,26.37,316.41,116.02,268.95,FEB,0,Baydhabo
2020,733.01,26.37,316.41,116.02,268.95,MAR,26.37,Baydhabo
2020,733.01,26.37,316.41,116.02,268.95,APR,184.57,Baydhabo
2020,733.01,26.37,316.41,116.02,268.95,MAY,116.02,Baydhabo
2020,733.01,26.37,316.41,116.02,268.95,JUN,15.82,Baydhabo
2020,733.01,26.37,316.41,116.02,268.95,JUL,21.09,Baydhabo
2020,733.01,26.37,316.41,116.02,268.95,AUG,10.55,Baydhabo
2020,733.01,26.37,316.41,116.02,268.95,SEP,89.65,Baydhabo
2020,733.01,26.37,316.41,116.02,268.95,OCT,152.93,Baydhabo
2020,733.01,26.37,316.41,116.02,268.95,NOV,89.65,Baydhabo
2020,733.01,26.37,316.41,116.02,268.95,DEC,26.37,Baydhabo
2021,825.79,15.82,288.37,159.49,344.85,JAN,15.82,Baydhabo
2021,825.79,15.82,288.37,159.49,344.85,FEB,0,Baydhabo
2021,825.79,15.82,288.37,159.49,344.85,MAR,0,Baydhabo
2021,825.79,15.82,288.37,159.49,344.85,APR,117.9,Baydhabo
2021,825.79,15.82,288.37,159.49,344.85,MAY,145.79,Baydhabo
2021,825.79,15.82,288.37,159.49,344.85,JUN,24.68,Baydhabo
2021,825.79,15.82,288.37,159.49,344.85,JUL,41.95,Baydhabo
2021,825.79,15.82,288.37,159.49,344.85,AUG,77.32,Baydhabo
2021,825.79,15.82,288.37,159.49,344.85,SEP,57.49,Baydhabo
2021,825.79,15.82,288.37,159.49,344.85,OCT,32.17,Baydhabo
2021,825.79,15.82,288.37,159.49,344.85,NOV,294.66,Baydhabo
2021,825.79,15.82,288.37,159.49,344.85,DEC,18.02,Baydhabo
1981,690.82,73.83,527.35,63.28,26.36,JAN,0,Jowhar
1981,690.82,73.83,527.35,63.28,26.36,FEB,0,Jowhar
1981,690.82,73.83,527.35,63.28,26.36,MAR,73.83,Jowhar
1981,690.82,73.83,527.35,63.28,26.36,APR,485.16,Jowhar
1981,690.82,73.83,527.35,63.28,26.36,MAY,42.19,Jowhar
1981,690.82,73.83,527.35,63.28,26.36,JUN,0,Jowhar
1981,690.82,73.83,527.35,63.28,26.36,JUL,0,Jowhar
1981,690.82,73.83,527.35,63.28,26.36,AUG,0,Jowhar
1981,690.82,73.83,527.35,63.28,26.36,SEP,63.28,Jowhar
1981,690.82,73.83,527.35,63.28,26.36,OCT,5.27,Jowhar
1981,690.82,73.83,527.35,63.28,26.36,NOV,15.82,Jowhar
1981,690.82,73.83,527.35,63.28,26.36,DEC,5.27,Jowhar
1982,179.3,68.55,21.09,0,89.65,JAN,63.28,Jowhar
1982,179.3,68.55,21.09,0,89.65,FEB,5.27,Jowhar
1982,179.3,68.55,21.09,0,89.65,MAR,0,Jowhar
1982,179.3,68.55,21.09,0,89.65,APR,21.09,Jowhar
1982,179.3,68.55,21.09,0,89.65,MAY,0,Jowhar
1982,179.3,68.55,21.09,0,89.65,JUN,0,Jowhar
1982,179.3,68.55,21.09,0,89.65,JUL,0,Jowhar
1982,179.3,68.55,21.09,0,89.65,AUG,0,Jowhar
1982,179.3,68.55,21.09,0,89.65,SEP,0,Jowhar
1982,179.3,68.55,21.09,0,89.65,OCT,5.27,Jowhar
1982,179.3,68.55,21.09,0,89.65,NOV,84.38,Jowhar
1982,179.3,68.55,21.09,0,89.65,DEC,0,Jowhar
1983,174.02,0,174.03,0,0,JAN,0,Jowhar
1983,174.02,0,174.03,0,0,FEB,0,Jowhar
1983,174.02,0,174.03,0,0,MAR,0,Jowhar
1983,174.02,0,174.03,0,0,APR,84.38,Jowhar
1983,174.02,0,174.03,0,0,MAY,89.65,Jowhar
1983,174.02,0,174.03,0,0,JUN,0,Jowhar
1983,174.02,0,174.03,0,0,JUL,0,Jowhar
1983,174.02,0,174.03,0,0,AUG,0,Jowhar
1983,174.02,0,174.03,0,0,SEP,0,Jowhar
1983,174.02,0,174.03,0,0,OCT,0,Jowhar
1983,174.02,0,174.03,0,0,NOV,0,Jowhar
1983,174.02,0,174.03,0,0,DEC,0,Jowhar
1984,195.12,0,52.73,110.74,31.64,JAN,0,Jowhar
1984,195.12,0,52.73,110.74,31.64,FEB,0,Jowhar
1984,195.12,0,52.73,110.74,31.64,MAR,0,Jowhar
1984,195.12,0,52.73,110.74,31.64,APR,52.73,Jowhar
1984,195.12,0,52.73,110.74,31.64,MAY,0,Jowhar
1984,195.12,0,52.73,110.74,31.64,JUN,0,Jowhar
1984,195.12,0,52.73,110.74,31.64,JUL,0,Jowhar
1984,195.12,0,52.73,110.74,31.64,AUG,110.74,Jowhar
1984,195.12,0,52.73,110.74,31.64,SEP,0,Jowhar
1984,195.12,0,52.73,110.74,31.64,OCT,15.82,Jowhar
1984,195.12,0,52.73,110.74,31.64,NOV,15.82,Jowhar
1984,195.12,0,52.73,110.74,31.64,DEC,0,Jowhar
1985,15.82,10.55,5.27,0,0,JAN,0,Jowhar
1985,15.82,10.55,5.27,0,0,FEB,0,Jowhar
1985,15.82,10.55,5.27,0,0,MAR,10.55,Jowhar
1985,15.82,10.55,5.27,0,0,APR,0,Jowhar
1985,15.82,10.55,5.27,0,0,MAY,0,Jowhar
1985,15.82,10.55,5.27,0,0,JUN,5.27,Jowhar
1985,15.82,10.55,5.27,0,0,JUL,0,Jowhar
1985,15.82,10.55,5.27,0,0,AUG,0,Jowhar
1985,15.82,10.55,5.27,0,0,SEP,0,Jowhar
1985,15.82,10.55,5.27,0,0,OCT,0,Jowhar
1985,15.82,10.55,5.27,0,0,NOV,0,Jowhar
1985,15.82,10.55,5.27,0,0,DEC,0,Jowhar
1986,137.11,0,0,0,137.11,JAN,0,Jowhar
1986,137.11,0,0,0,137.11,FEB,0,Jowhar
1986,137.11,0,0,0,137.11,MAR,0,Jowhar
1986,137.11,0,0,0,137.11,APR,0,Jowhar
1986,137.11,0,0,0,137.11,MAY,0,Jowhar
1986,137.11,0,0,0,137.11,JUN,0,Jowhar
1986,137.11,0,0,0,137.11,JUL,0,Jowhar
1986,137.11,0,0,0,137.11,AUG,0,Jowhar
1986,137.11,0,0,0,137.11,SEP,0,Jowhar
1986,137.11,0,0,0,137.11,OCT,105.47,Jowhar
1986,137.11,0,0,0,137.11,NOV,5.27,Jowhar
1986,137.11,0,0,0,137.11,DEC,26.37,Jowhar
1987,342.77,10.55,121.29,147.65,63.28,JAN,0,Jowhar
1987,342.77,10.55,121.29,147.65,63.28,FEB,0,Jowhar
1987,342.77,10.55,121.29,147.65,63.28,MAR,10.55,Jowhar
1987,342.77,10.55,121.29,147.65,63.28,APR,15.82,Jowhar
1987,342.77,10.55,121.29,147.65,63.28,MAY,105.47,Jowhar
1987,342.77,10.55,121.29,147.65,63.28,JUN,0,Jowhar
1987,342.77,10.55,121.29,147.65,63.28,JUL,142.38,Jowhar
1987,342.77,10.55,121.29,147.65,63.28,AUG,5.27,Jowhar
1987,342.77,10.55,121.29,147.65,63.28,SEP,0,Jowhar
1987,342.77,10.55,121.29,147.65,63.28,OCT,15.82,Jowhar
1987,342.77,10.55,121.29,147.65,63.28,NOV,47.46,Jowhar
1987,342.77,10.55,121.29,147.65,63.28,DEC,0,Jowhar
1988,174.02,21.09,63.28,10.55,79.1,JAN,0,Jowhar
1988,174.02,21.09,63.28,10.55,79.1,FEB,0,Jowhar
1988,174.02,21.09,63.28,10.55,79.1,MAR,21.09,Jowhar
1988,174.02,21.09,63.28,10.55,79.1,APR,26.37,Jowhar
1988,174.02,21.09,63.28,10.55,79.1,MAY,31.64,Jowhar
1988,174.02,21.09,63.28,10.55,79.1,JUN,5.27,Jowhar
1988,174.02,21.09,63.28,10.55,79.1,JUL,0,Jowhar
1988,174.02,21.09,63.28,10.55,79.1,AUG,0,Jowhar
1988,174.02,21.09,63.28,10.55,79.1,SEP,10.55,Jowhar
1988,174.02,21.09,63.28,10.55,79.1,OCT,36.91,Jowhar
1988,174.02,21.09,63.28,10.55,79.1,NOV,10.55,Jowhar
1988,174.02,21.09,63.28,10.55,79.1,DEC,31.64,Jowhar
1989,168.75,5.27,105.47,5.27,52.73,JAN,0,Jowhar
1989,168.75,5.27,105.47,5.27,52.73,FEB,0,Jowhar
1989,168.75,5.27,105.47,5.27,52.73,MAR,5.27,Jowhar
1989,168.75,5.27,105.47,5.27,52.73,APR,94.92,Jowhar
1989,168.75,5.27,105.47,5.27,52.73,MAY,10.55,Jowhar
1989,168.75,5.27,105.47,5.27,52.73,JUN,0,Jowhar
1989,168.75,5.27,105.47,5.27,52.73,JUL,0,Jowhar
1989,168.75,5.27,105.47,5.27,52.73,AUG,0,Jowhar
1989,168.75,5.27,105.47,5.27,52.73,SEP,5.27,Jowhar
1989,168.75,5.27,105.47,5.27,52.73,OCT,52.73,Jowhar
1989,168.75,5.27,105.47,5.27,52.73,NOV,0,Jowhar
1989,168.75,5.27,105.47,5.27,52.73,DEC,0,Jowhar
1990,543.16,0,205.66,0,337.5,JAN,0,Jowhar
1990,543.16,0,205.66,0,337.5,FEB,0,Jowhar
1990,543.16,0,205.66,0,337.5,MAR,0,Jowhar
1990,543.16,0,205.66,0,337.5,APR,200.39,Jowhar
1990,543.16,0,205.66,0,337.5,MAY,5.27,Jowhar
1990,543.16,0,205.66,0,337.5,JUN,0,Jowhar
1990,543.16,0,205.66,0,337.5,JUL,0,Jowhar
1990,543.16,0,205.66,0,337.5,AUG,0,Jowhar
1990,543.16,0,205.66,0,337.5,SEP,0,Jowhar
1990,543.16,0,205.66,0,337.5,OCT,152.93,Jowhar
1990,543.16,0,205.66,0,337.5,NOV,116.02,Jowhar
1990,543.16,0,205.66,0,337.5,DEC,68.55,Jowhar
1991,406.05,10.55,184.57,68.55,142.39,JAN,0,Jowhar
1991,406.05,10.55,184.57,68.55,142.39,FEB,0,Jowhar
1991,406.05,10.55,184.57,68.55,142.39,MAR,10.55,Jowhar
1991,406.05,10.55,184.57,68.55,142.39,APR,174.02,Jowhar
1991,406.05,10.55,184.57,68.55,142.39,MAY,10.55,Jowhar
1991,406.05,10.55,184.57,68.55,142.39,JUN,0,Jowhar
1991,406.05,10.55,184.57,68.55,142.39,JUL,68.55,Jowhar
1991,406.05,10.55,184.57,68.55,142.39,AUG,0,Jowhar
1991,406.05,10.55,184.57,68.55,142.39,SEP,0,Jowhar
1991,406.05,10.55,184.57,68.55,142.39,OCT,73.83,Jowhar
1991,406.05,10.55,184.57,68.55,142.39,NOV,10.55,Jowhar
1991,406.05,10.55,184.57,68.55,142.39,DEC,58.01,Jowhar
1992,580.08,0,189.84,0,390.23,JAN,0,Jowhar
1992,580.08,0,189.84,0,390.23,FEB,0,Jowhar
1992,580.08,0,189.84,0,390.23,MAR,0,Jowhar
1992,580.08,0,189.84,0,390.23,APR,174.02,Jowhar
1992,580.08,0,189.84,0,390.23,MAY,15.82,Jowhar
1992,580.08,0,189.84,0,390.23,JUN,0,Jowhar
1992,580.08,0,189.84,0,390.23,JUL,0,Jowhar
1992,580.08,0,189.84,0,390.23,AUG,0,Jowhar
1992,580.08,0,189.84,0,390.23,SEP,0,Jowhar
1992,580.08,0,189.84,0,390.23,OCT,31.64,Jowhar
1992,580.08,0,189.84,0,390.23,NOV,247.85,Jowhar
1992,580.08,0,189.84,0,390.23,DEC,110.74,Jowhar
1993,838.48,63.28,601.17,0,174.02,JAN,52.73,Jowhar
1993,838.48,63.28,601.17,0,174.02,FEB,10.55,Jowhar
1993,838.48,63.28,601.17,0,174.02,MAR,0,Jowhar
1993,838.48,63.28,601.17,0,174.02,APR,158.2,Jowhar
1993,838.48,63.28,601.17,0,174.02,MAY,442.97,Jowhar
1993,838.48,63.28,601.17,0,174.02,JUN,0,Jowhar
1993,838.48,63.28,601.17,0,174.02,JUL,0,Jowhar
1993,838.48,63.28,601.17,0,174.02,AUG,0,Jowhar
1993,838.48,63.28,601.17,0,174.02,SEP,0,Jowhar
1993,838.48,63.28,601.17,0,174.02,OCT,110.74,Jowhar
1993,838.48,63.28,601.17,0,174.02,NOV,63.28,Jowhar
1993,838.48,63.28,601.17,0,174.02,DEC,0,Jowhar
1994,400.78,0,174.02,21.09,205.67,JAN,0,Jowhar
1994,400.78,0,174.02,21.09,205.67,FEB,0,Jowhar
1994,400.78,0,174.02,21.09,205.67,MAR,0,Jowhar
1994,400.78,0,174.02,21.09,205.67,APR,79.1,Jowhar
1994,400.78,0,174.02,21.09,205.67,MAY,94.92,Jowhar
1994,400.78,0,174.02,21.09,205.67,JUN,0,Jowhar
1994,400.78,0,174.02,21.09,205.67,JUL,5.27,Jowhar
1994,400.78,0,174.02,21.09,205.67,AUG,15.82,Jowhar
1994,400.78,0,174.02,21.09,205.67,SEP,0,Jowhar
1994,400.78,0,174.02,21.09,205.67,OCT,84.38,Jowhar
1994,400.78,0,174.02,21.09,205.67,NOV,116.02,Jowhar
1994,400.78,0,174.02,21.09,205.67,DEC,5.27,Jowhar
1995,374.41,10.55,200.39,5.27,158.2,JAN,0,Jowhar
1995,374.41,10.55,200.39,5.27,158.2,FEB,0,Jowhar
1995,374.41,10.55,200.39,5.27,158.2,MAR,10.55,Jowhar
1995,374.41,10.55,200.39,5.27,158.2,APR,174.02,Jowhar
1995,374.41,10.55,200.39,5.27,158.2,MAY,26.37,Jowhar
1995,374.41,10.55,200.39,5.27,158.2,JUN,0,Jowhar
1995,374.41,10.55,200.39,5.27,158.2,JUL,0,Jowhar
1995,374.41,10.55,200.39,5.27,158.2,AUG,5.27,Jowhar
1995,374.41,10.55,200.39,5.27,158.2,SEP,0,Jowhar
1995,374.41,10.55,200.39,5.27,158.2,OCT,52.73,Jowhar
1995,374.41,10.55,200.39,5.27,158.2,NOV,100.2,Jowhar
1995,374.41,10.55,200.39,5.27,158.2,DEC,5.27,Jowhar
1996,247.85,42.19,174.02,0,31.64,JAN,0,Jowhar
1996,247.85,42.19,174.02,0,31.64,FEB,0,Jowhar
1996,247.85,42.19,174.02,0,31.64,MAR,42.19,Jowhar
1996,247.85,42.19,174.02,0,31.64,APR,47.46,Jowhar
1996,247.85,42.19,174.02,0,31.64,MAY,126.56,Jowhar
1996,247.85,42.19,174.02,0,31.64,JUN,0,Jowhar
1996,247.85,42.19,174.02,0,31.64,JUL,0,Jowhar
1996,247.85,42.19,174.02,0,31.64,AUG,0,Jowhar
1996,247.85,42.19,174.02,0,31.64,SEP,0,Jowhar
1996,247.85,42.19,174.02,0,31.64,OCT,0,Jowhar
1996,247.85,42.19,174.02,0,31.64,NOV,26.37,Jowhar
1996,247.85,42.19,174.02,0,31.64,DEC,5.27,Jowhar
1997,675,21.09,221.48,5.27,427.14,JAN,0,Jowhar
1997,675,21.09,221.48,5.27,427.14,FEB,0,Jowhar
1997,675,21.09,221.48,5.27,427.14,MAR,21.09,Jowhar
1997,675,21.09,221.48,5.27,427.14,APR,174.02,Jowhar
1997,675,21.09,221.48,5.27,427.14,MAY,42.19,Jowhar
1997,675,21.09,221.48,5.27,427.14,JUN,5.27,Jowhar
1997,675,21.09,221.48,5.27,427.14,JUL,0,Jowhar
1997,675,21.09,221.48,5.27,427.14,AUG,0,Jowhar
1997,675,21.09,221.48,5.27,427.14,SEP,5.27,Jowhar
1997,675,21.09,221.48,5.27,427.14,OCT,369.14,Jowhar
1997,675,21.09,221.48,5.27,427.14,NOV,36.91,Jowhar
1997,675,21.09,221.48,5.27,427.14,DEC,21.09,Jowhar
1998,142.38,31.64,89.65,5.27,15.82,JAN,5.27,Jowhar
1998,142.38,31.64,89.65,5.27,15.82,FEB,26.37,Jowhar
1998,142.38,31.64,89.65,5.27,15.82,MAR,0,Jowhar
1998,142.38,31.64,89.65,5.27,15.82,APR,84.38,Jowhar
1998,142.38,31.64,89.65,5.27,15.82,MAY,5.27,Jowhar
1998,142.38,31.64,89.65,5.27,15.82,JUN,0,Jowhar
1998,142.38,31.64,89.65,5.27,15.82,JUL,5.27,Jowhar
1998,142.38,31.64,89.65,5.27,15.82,AUG,0,Jowhar
1998,142.38,31.64,89.65,5.27,15.82,SEP,0,Jowhar
1998,142.38,31.64,89.65,5.27,15.82,OCT,15.82,Jowhar
1998,142.38,31.64,89.65,5.27,15.82,NOV,0,Jowhar
1998,142.38,31.64,89.65,5.27,15.82,DEC,0,Jowhar
1999,416.6,105.47,195.12,0,116.01,JAN,0,Jowhar
1999,416.6,105.47,195.12,0,116.01,FEB,0,Jowhar
1999,416.6,105.47,195.12,0,116.01,MAR,105.47,Jowhar
1999,416.6,105.47,195.12,0,116.01,APR,84.38,Jowhar
1999,416.6,105.47,195.12,0,116.01,MAY,110.74,Jowhar
1999,416.6,105.47,195.12,0,116.01,JUN,0,Jowhar
1999,416.6,105.47,195.12,0,116.01,JUL,0,Jowhar
1999,416.6,105.47,195.12,0,116.01,AUG,0,Jowhar
1999,416.6,105.47,195.12,0,116.01,SEP,0,Jowhar
1999,416.6,105.47,195.12,0,116.01,OCT,68.55,Jowhar
1999,416.6,105.47,195.12,0,116.01,NOV,47.46,Jowhar
1999,416.6,105.47,195.12,0,116.01,DEC,0,Jowhar
2000,553.71,0,168.75,0,384.96,JAN,0,Jowhar
2000,553.71,0,168.75,0,384.96,FEB,0,Jowhar
2000,553.71,0,168.75,0,384.96,MAR,0,Jowhar
2000,553.71,0,168.75,0,384.96,APR,26.37,Jowhar
2000,553.71,0,168.75,0,384.96,MAY,142.38,Jowhar
2000,553.71,0,168.75,0,384.96,JUN,0,Jowhar
2000,553.71,0,168.75,0,384.96,JUL,0,Jowhar
2000,553.71,0,168.75,0,384.96,AUG,0,Jowhar
2000,553.71,0,168.75,0,384.96,SEP,0,Jowhar
2000,553.71,0,168.75,0,384.96,OCT,348.05,Jowhar
2000,553.71,0,168.75,0,384.96,NOV,36.91,Jowhar
2000,553.71,0,168.75,0,384.96,DEC,0,Jowhar
2001,126.56,0,0,63.28,63.28,JAN,0,Jowhar
2001,126.56,0,0,63.28,63.28,FEB,0,Jowhar
2001,126.56,0,0,63.28,63.28,MAR,0,Jowhar
2001,126.56,0,0,63.28,63.28,APR,0,Jowhar
2001,126.56,0,0,63.28,63.28,MAY,0,Jowhar
2001,126.56,0,0,63.28,63.28,JUN,0,Jowhar
2001,126.56,0,0,63.28,63.28,JUL,0,Jowhar
2001,126.56,0,0,63.28,63.28,AUG,21.09,Jowhar
2001,126.56,0,0,63.28,63.28,SEP,42.19,Jowhar
2001,126.56,0,0,63.28,63.28,OCT,63.28,Jowhar
2001,126.56,0,0,63.28,63.28,NOV,0,Jowhar
2001,126.56,0,0,63.28,63.28,DEC,0,Jowhar
2002,221.48,0,10.55,0,210.94,JAN,0,Jowhar
2002,221.48,0,10.55,0,210.94,FEB,0,Jowhar
2002,221.48,0,10.55,0,210.94,MAR,0,Jowhar
2002,221.48,0,10.55,0,210.94,APR,0,Jowhar
2002,221.48,0,10.55,0,210.94,MAY,10.55,Jowhar
2002,221.48,0,10.55,0,210.94,JUN,0,Jowhar
2002,221.48,0,10.55,0,210.94,JUL,0,Jowhar
2002,221.48,0,10.55,0,210.94,AUG,0,Jowhar
2002,221.48,0,10.55,0,210.94,SEP,0,Jowhar
2002,221.48,0,10.55,0,210.94,OCT,89.65,Jowhar
2002,221.48,0,10.55,0,210.94,NOV,121.29,Jowhar
2002,221.48,0,10.55,0,210.94,DEC,0,Jowhar
2003,442.97,5.27,158.2,36.91,242.58,JAN,5.27,Jowhar
2003,442.97,5.27,158.2,36.91,242.58,FEB,0,Jowhar
2003,442.97,5.27,158.2,36.91,242.58,MAR,0,Jowhar
2003,442.97,5.27,158.2,36.91,242.58,APR,126.56,Jowhar
2003,442.97,5.27,158.2,36.91,242.58,MAY,31.64,Jowhar
2003,442.97,5.27,158.2,36.91,242.58,JUN,0,Jowhar
2003,442.97,5.27,158.2,36.91,242.58,JUL,0,Jowhar
2003,442.97,5.27,158.2,36.91,242.58,AUG,5.27,Jowhar
2003,442.97,5.27,158.2,36.91,242.58,SEP,31.64,Jowhar
2003,442.97,5.27,158.2,36.91,242.58,OCT,0,Jowhar
2003,442.97,5.27,158.2,36.91,242.58,NOV,84.38,Jowhar
2003,442.97,5.27,158.2,36.91,242.58,DEC,158.2,Jowhar
2004,237.3,0,79.1,21.1,137.11,JAN,0,Jowhar
2004,237.3,0,79.1,21.1,137.11,FEB,0,Jowhar
2004,237.3,0,79.1,21.1,137.11,MAR,0,Jowhar
2004,237.3,0,79.1,21.1,137.11,APR,5.27,Jowhar
2004,237.3,0,79.1,21.1,137.11,MAY,0,Jowhar
2004,237.3,0,79.1,21.1,137.11,JUN,73.83,Jowhar
2004,237.3,0,79.1,21.1,137.11,JUL,10.55,Jowhar
2004,237.3,0,79.1,21.1,137.11,AUG,0,Jowhar
2004,237.3,0,79.1,21.1,137.11,SEP,10.55,Jowhar
2004,237.3,0,79.1,21.1,137.11,OCT,84.38,Jowhar
2004,237.3,0,79.1,21.1,137.11,NOV,52.73,Jowhar
2004,237.3,0,79.1,21.1,137.11,DEC,0,Jowhar
2005,237.3,36.91,105.47,58.01,36.91,JAN,0,Jowhar
2005,237.3,36.91,105.47,58.01,36.91,FEB,0,Jowhar
2005,237.3,36.91,105.47,58.01,36.91,MAR,36.91,Jowhar
2005,237.3,36.91,105.47,58.01,36.91,APR,15.82,Jowhar
2005,237.3,36.91,105.47,58.01,36.91,MAY,79.1,Jowhar
2005,237.3,36.91,105.47,58.01,36.91,JUN,10.55,Jowhar
2005,237.3,36.91,105.47,58.01,36.91,JUL,42.19,Jowhar
2005,237.3,36.91,105.47,58.01,36.91,AUG,0,Jowhar
2005,237.3,36.91,105.47,58.01,36.91,SEP,15.82,Jowhar
2005,237.3,36.91,105.47,58.01,36.91,OCT,0,Jowhar
2005,237.3,36.91,105.47,58.01,36.91,NOV,36.91,Jowhar
2005,237.3,36.91,105.47,58.01,36.91,DEC,0,Jowhar
2006,675,42.18,158.2,105.47,369.14,JAN,36.91,Jowhar
2006,675,42.18,158.2,105.47,369.14,FEB,5.27,Jowhar
2006,675,42.18,158.2,105.47,369.14,MAR,0,Jowhar
2006,675,42.18,158.2,105.47,369.14,APR,84.38,Jowhar
2006,675,42.18,158.2,105.47,369.14,MAY,68.55,Jowhar
2006,675,42.18,158.2,105.47,369.14,JUN,5.27,Jowhar
2006,675,42.18,158.2,105.47,369.14,JUL,10.55,Jowhar
2006,675,42.18,158.2,105.47,369.14,AUG,63.28,Jowhar
2006,675,42.18,158.2,105.47,369.14,SEP,31.64,Jowhar
2006,675,42.18,158.2,105.47,369.14,OCT,237.3,Jowhar
2006,675,42.18,158.2,105.47,369.14,NOV,100.2,Jowhar
2006,675,42.18,158.2,105.47,369.14,DEC,31.64,Jowhar
2007,290.04,0,84.37,36.91,168.75,JAN,0,Jowhar
2007,290.04,0,84.37,36.91,168.75,FEB,0,Jowhar
2007,290.04,0,84.37,36.91,168.75,MAR,0,Jowhar
2007,290.04,0,84.37,36.91,168.75,APR,36.91,Jowhar
2007,290.04,0,84.37,36.91,168.75,MAY,0,Jowhar
2007,290.04,0,84.37,36.91,168.75,JUN,47.46,Jowhar
2007,290.04,0,84.37,36.91,168.75,JUL,0,Jowhar
2007,290.04,0,84.37,36.91,168.75,AUG,36.91,Jowhar
2007,290.04,0,84.37,36.91,168.75,SEP,0,Jowhar
2007,290.04,0,84.37,36.91,168.75,OCT,73.83,Jowhar
2007,290.04,0,84.37,36.91,168.75,NOV,94.92,Jowhar
2007,290.04,0,84.37,36.91,168.75,DEC,0,Jowhar
2008,775.2,15.82,342.77,31.64,384.96,JAN,10.55,Jowhar
2008,775.2,15.82,342.77,31.64,384.96,FEB,0,Jowhar
2008,775.2,15.82,342.77,31.64,384.96,MAR,5.27,Jowhar
2008,775.2,15.82,342.77,31.64,384.96,APR,274.22,Jowhar
2008,775.2,15.82,342.77,31.64,384.96,MAY,21.09,Jowhar
2008,775.2,15.82,342.77,31.64,384.96,JUN,47.46,Jowhar
2008,775.2,15.82,342.77,31.64,384.96,JUL,31.64,Jowhar
2008,775.2,15.82,342.77,31.64,384.96,AUG,0,Jowhar
2008,775.2,15.82,342.77,31.64,384.96,SEP,0,Jowhar
2008,775.2,15.82,342.77,31.64,384.96,OCT,158.2,Jowhar
2008,775.2,15.82,342.77,31.64,384.96,NOV,226.76,Jowhar
2008,775.2,15.82,342.77,31.64,384.96,DEC,0,Jowhar
2009,284.77,10.54,52.73,0,221.48,JAN,5.27,Jowhar
2009,284.77,10.54,52.73,0,221.48,FEB,0,Jowhar
2009,284.77,10.54,52.73,0,221.48,MAR,5.27,Jowhar
2009,284.77,10.54,52.73,0,221.48,APR,47.46,Jowhar
2009,284.77,10.54,52.73,0,221.48,MAY,5.27,Jowhar
2009,284.77,10.54,52.73,0,221.48,JUN,0,Jowhar
2009,284.77,10.54,52.73,0,221.48,JUL,0,Jowhar
2009,284.77,10.54,52.73,0,221.48,AUG,0,Jowhar
2009,284.77,10.54,52.73,0,221.48,SEP,0,Jowhar
2009,284.77,10.54,52.73,0,221.48,OCT,163.48,Jowhar
2009,284.77,10.54,52.73,0,221.48,NOV,36.91,Jowhar
2009,284.77,10.54,52.73,0,221.48,DEC,21.09,Jowhar
2010,574.8,105.47,284.77,152.93,31.64,JAN,0,Jowhar
2010,574.8,105.47,284.77,152.93,31.64,FEB,5.27,Jowhar
2010,574.8,105.47,284.77,152.93,31.64,MAR,100.2,Jowhar
2010,574.8,105.47,284.77,152.93,31.64,APR,268.95,Jowhar
2010,574.8,105.47,284.77,152.93,31.64,MAY,15.82,Jowhar
2010,574.8,105.47,284.77,152.93,31.64,JUN,0,Jowhar
2010,574.8,105.47,284.77,152.93,31.64,JUL,0,Jowhar
2010,574.8,105.47,284.77,152.93,31.64,AUG,152.93,Jowhar
2010,574.8,105.47,284.77,152.93,31.64,SEP,0,Jowhar
2010,574.8,105.47,284.77,152.93,31.64,OCT,31.64,Jowhar
2010,574.8,105.47,284.77,152.93,31.64,NOV,0,Jowhar
2010,574.8,105.47,284.77,152.93,31.64,DEC,0,Jowhar
2011,706.64,0,242.57,0,464.06,JAN,0,Jowhar
2011,706.64,0,242.57,0,464.06,FEB,0,Jowhar
2011,706.64,0,242.57,0,464.06,MAR,0,Jowhar
2011,706.64,0,242.57,0,464.06,APR,221.48,Jowhar
2011,706.64,0,242.57,0,464.06,MAY,21.09,Jowhar
2011,706.64,0,242.57,0,464.06,JUN,0,Jowhar
2011,706.64,0,242.57,0,464.06,JUL,0,Jowhar
2011,706.64,0,242.57,0,464.06,AUG,0,Jowhar
2011,706.64,0,242.57,0,464.06,SEP,0,Jowhar
2011,706.64,0,242.57,0,464.06,OCT,210.94,Jowhar
2011,706.64,0,242.57,0,464.06,NOV,247.85,Jowhar
2011,706.64,0,242.57,0,464.06,DEC,5.27,Jowhar
2012,675,0,427.15,126.56,121.3,JAN,0,Jowhar
2012,675,0,427.15,126.56,121.3,FEB,0,Jowhar
2012,675,0,427.15,126.56,121.3,MAR,0,Jowhar
2012,675,0,427.15,126.56,121.3,APR,337.5,Jowhar
2012,675,0,427.15,126.56,121.3,MAY,63.28,Jowhar
2012,675,0,427.15,126.56,121.3,JUN,26.37,Jowhar
2012,675,0,427.15,126.56,121.3,JUL,5.27,Jowhar
2012,675,0,427.15,126.56,121.3,AUG,84.38,Jowhar
2012,675,0,427.15,126.56,121.3,SEP,36.91,Jowhar
2012,675,0,427.15,126.56,121.3,OCT,10.55,Jowhar
2012,675,0,427.15,126.56,121.3,NOV,100.2,Jowhar
2012,675,0,427.15,126.56,121.3,DEC,10.55,Jowhar
2013,653.91,105.47,268.95,0,279.49,JAN,0,Jowhar
2013,653.91,105.47,268.95,0,279.49,FEB,0,Jowhar
2013,653.91,105.47,268.95,0,279.49,MAR,105.47,Jowhar
2013,653.91,105.47,268.95,0,279.49,APR,242.58,Jowhar
2013,653.91,105.47,268.95,0,279.49,MAY,26.37,Jowhar
2013,653.91,105.47,268.95,0,279.49,JUN,0,Jowhar
2013,653.91,105.47,268.95,0,279.49,JUL,0,Jowhar
2013,653.91,105.47,268.95,0,279.49,AUG,0,Jowhar
2013,653.91,105.47,268.95,0,279.49,SEP,0,Jowhar
2013,653.91,105.47,268.95,0,279.49,OCT,5.27,Jowhar
2013,653.91,105.47,268.95,0,279.49,NOV,274.22,Jowhar
2013,653.91,105.47,268.95,0,279.49,DEC,0,Jowhar
2014,585.35,10.55,242.58,21.1,311.13,JAN,0,Jowhar
2014,585.35,10.55,242.58,21.1,311.13,FEB,0,Jowhar
2014,585.35,10.55,242.58,21.1,311.13,MAR,10.55,Jowhar
2014,585.35,10.55,242.58,21.1,311.13,APR,168.75,Jowhar
2014,585.35,10.55,242.58,21.1,311.13,MAY,73.83,Jowhar
2014,585.35,10.55,242.58,21.1,311.13,JUN,0,Jowhar
2014,585.35,10.55,242.58,21.1,311.13,JUL,0,Jowhar
2014,585.35,10.55,242.58,21.1,311.13,AUG,10.55,Jowhar
2014,585.35,10.55,242.58,21.1,311.13,SEP,10.55,Jowhar
2014,585.35,10.55,242.58,21.1,311.13,OCT,189.84,Jowhar
2014,585.35,10.55,242.58,21.1,311.13,NOV,84.38,Jowhar
2014,585.35,10.55,242.58,21.1,311.13,DEC,36.91,Jowhar
2015,590.62,21.09,110.75,168.75,290.04,JAN,0,Jowhar
2015,590.62,21.09,110.75,168.75,290.04,FEB,0,Jowhar
2015,590.62,21.09,110.75,168.75,290.04,MAR,21.09,Jowhar
2015,590.62,21.09,110.75,168.75,290.04,APR,26.37,Jowhar
2015,590.62,21.09,110.75,168.75,290.04,MAY,73.83,Jowhar
2015,590.62,21.09,110.75,168.75,290.04,JUN,10.55,Jowhar
2015,590.62,21.09,110.75,168.75,290.04,JUL,47.46,Jowhar
2015,590.62,21.09,110.75,168.75,290.04,AUG,58.01,Jowhar
2015,590.62,21.09,110.75,168.75,290.04,SEP,63.28,Jowhar
2015,590.62,21.09,110.75,168.75,290.04,OCT,68.55,Jowhar
2015,590.62,21.09,110.75,168.75,290.04,NOV,179.3,Jowhar
2015,590.62,21.09,110.75,168.75,290.04,DEC,42.19,Jowhar
2016,195.12,0,195.12,0,0,JAN,0,Jowhar
2016,195.12,0,195.12,0,0,FEB,0,Jowhar
2016,195.12,0,195.12,0,0,MAR,0,Jowhar
2016,195.12,0,195.12,0,0,APR,152.93,Jowhar
2016,195.12,0,195.12,0,0,MAY,42.19,Jowhar
2016,195.12,0,195.12,0,0,JUN,0,Jowhar
2016,195.12,0,195.12,0,0,JUL,0,Jowhar
2016,195.12,0,195.12,0,0,AUG,0,Jowhar
2016,195.12,0,195.12,0,0,SEP,0,Jowhar
2016,195.12,0,195.12,0,0,OCT,0,Jowhar
2016,195.12,0,195.12,0,0,NOV,0,Jowhar
2016,195.12,0,195.12,0,0,DEC,0,Jowhar
2017,126.56,0,5.27,5.27,116.02,JAN,0,Jowhar
2017,126.56,0,5.27,5.27,116.02,FEB,0,Jowhar
2017,126.56,0,5.27,5.27,116.02,MAR,0,Jowhar
2017,126.56,0,5.27,5.27,116.02,APR,5.27,Jowhar
2017,126.56,0,5.27,5.27,116.02,MAY,0,Jowhar
2017,126.56,0,5.27,5.27,116.02,JUN,0,Jowhar
2017,126.56,0,5.27,5.27,116.02,JUL,0,Jowhar
2017,126.56,0,5.27,5.27,116.02,AUG,5.27,Jowhar
2017,126.56,0,5.27,5.27,116.02,SEP,0,Jowhar
2017,126.56,0,5.27,5.27,116.02,OCT,26.37,Jowhar
2017,126.56,0,5.27,5.27,116.02,NOV,89.65,Jowhar
2017,126.56,0,5.27,5.27,116.02,DEC,0,Jowhar
2018,131.84,0,73.83,52.73,5.27,JAN,0,Jowhar
2018,131.84,0,73.83,52.73,5.27,FEB,0,Jowhar
2018,131.84,0,73.83,52.73,5.27,MAR,0,Jowhar
2018,131.84,0,73.83,52.73,5.27,APR,58.01,Jowhar
2018,131.84,0,73.83,52.73,5.27,MAY,5.27,Jowhar
2018,131.84,0,73.83,52.73,5.27,JUN,10.55,Jowhar
2018,131.84,0,73.83,52.73,5.27,JUL,0,Jowhar
2018,131.84,0,73.83,52.73,5.27,AUG,52.73,Jowhar
2018,131.84,0,73.83,52.73,5.27,SEP,0,Jowhar
2018,131.84,0,73.83,52.73,5.27,OCT,5.27,Jowhar
2018,131.84,0,73.83,52.73,5.27,NOV,0,Jowhar
2018,131.84,0,73.83,52.73,5.27,DEC,0,Jowhar
2019,311.13,0,131.84,42.19,137.11,JAN,0,Jowhar
2019,311.13,0,131.84,42.19,137.11,FEB,0,Jowhar
2019,311.13,0,131.84,42.19,137.11,MAR,0,Jowhar
2019,311.13,0,131.84,42.19,137.11,APR,0,Jowhar
2019,311.13,0,131.84,42.19,137.11,MAY,58.01,Jowhar
2019,311.13,0,131.84,42.19,137.11,JUN,73.83,Jowhar
2019,311.13,0,131.84,42.19,137.11,JUL,26.37,Jowhar
2019,311.13,0,131.84,42.19,137.11,AUG,0,Jowhar
2019,311.13,0,131.84,42.19,137.11,SEP,15.82,Jowhar
2019,311.13,0,131.84,42.19,137.11,OCT,116.02,Jowhar
2019,311.13,0,131.84,42.19,137.11,NOV,15.82,Jowhar
2019,311.13,0,131.84,42.19,137.11,DEC,5.27,Jowhar
2020,1239.26,0,543.17,632.82,63.28,JAN,0,Jowhar
2020,1239.26,0,543.17,632.82,63.28,FEB,0,Jowhar
2020,1239.26,0,543.17,632.82,63.28,MAR,0,Jowhar
2020,1239.26,0,543.17,632.82,63.28,APR,10.55,Jowhar
2020,1239.26,0,543.17,632.82,63.28,MAY,395.51,Jowhar
2020,1239.26,0,543.17,632.82,63.28,JUN,137.11,Jowhar
2020,1239.26,0,543.17,632.82,63.28,JUL,195.12,Jowhar
2020,1239.26,0,543.17,632.82,63.28,AUG,121.29,Jowhar
2020,1239.26,0,543.17,632.82,63.28,SEP,316.41,Jowhar
2020,1239.26,0,543.17,632.82,63.28,OCT,31.64,Jowhar
2020,1239.26,0,543.17,632.82,63.28,NOV,31.64,Jowhar
2020,1239.26,0,543.17,632.82,63.28,DEC,0,Jowhar
2021,874.01,0,233.91,567.87,72.21,JAN,0,Jowhar
2021,874.01,0,233.91,567.87,72.21,FEB,0,Jowhar
2021,874.01,0,233.91,567.87,72.21,MAR,0,Jowhar
2021,874.01,0,233.91,567.87,72.21,APR,33.64,Jowhar
2021,874.01,0,233.91,567.87,72.21,MAY,122.66,Jowhar
2021,874.01,0,233.91,567.87,72.21,JUN,77.61,Jowhar
2021,874.01,0,233.91,567.87,72.21,JUL,170.98,Jowhar
2021,874.01,0,233.91,567.87,72.21,AUG,244.44,Jowhar
2021,874.01,0,233.91,567.87,72.21,SEP,152.45,Jowhar
2021,874.01,0,233.91,567.87,72.21,OCT,11.5,Jowhar
2021,874.01,0,233.91,567.87,72.21,NOV,57.25,Jowhar
2021,874.01,0,233.91,567.87,72.21,DEC,3.46,Jowhar
